Date,SP500,NDXEqualWeight,Russell2000,QQQ,Treasury3M
2016-08-17,218.3700,2732.6000,122.0400,117.2600,
2016-08-18,218.8600,2745.5600,122.9400,117.2900,
2016-08-19,218.5400,2751.0500,122.9400,117.2600,
2016-08-22,218.5300,2754.4000,123.2200,117.3500,
2016-08-23,218.9700,2761.7800,124.0800,117.5600,
2016-08-24,217.8500,2736.2800,123.0700,116.8000,
2016-08-25,217.7000,2732.3200,123.3100,116.6100,
2016-08-26,217.2900,2740.9700,123.0600,116.7800,
2016-08-29,218.3608,2743.7300,123.7000,116.9400,
2016-08-30,218.0000,2735.8300,123.9300,116.5600,
2016-08-31,217.3800,2730.1300,123.2300,116.4400,
2016-09-01,217.3900,2740.0400,123.3200,116.7400,
2016-09-02,218.3700,2746.1700,124.5100,117.1200,
2016-09-06,219.0308,2755.6200,124.6292,117.8500,
2016-09-07,219.0100,2755.4300,125.4100,117.9200,
2016-09-08,218.5100,2744.0600,125.1600,117.2300,
2016-09-09,213.2800,2668.9500,121.2500,114.2800,
2016-09-12,216.3400,2717.9500,122.9400,116.3300,
2016-09-13,213.2300,2682.9100,120.5800,115.2900,
2016-09-14,213.1500,2686.7700,120.6000,115.8400,
2016-09-15,215.2800,2722.2100,122.0400,117.6400,
2016-09-16,213.3700,2714.7600,121.8600,117.2900,
2016-09-19,213.4100,2710.8500,122.6700,116.7800,
2016-09-20,213.4200,2710.4800,122.1500,117.0000,
2016-09-21,215.8200,2742.5500,123.9200,118.1500,
2016-09-22,217.1800,2763.0500,125.7000,119.0900,
2016-09-23,215.9900,2749.5800,124.8100,118.3300,
2016-09-26,214.2400,2726.5600,123.2300,117.3400,
2016-09-27,215.5700,2756.6300,123.7300,118.5000,
2016-09-28,216.6400,2758.1600,124.6800,118.7000,
2016-09-29,214.6800,2740.5900,122.8600,117.8400,
2016-09-30,216.3000,2764.1300,124.2100,118.7200,
2016-10-03,215.7800,2765.0400,123.8200,118.5500,
2016-10-04,214.6800,2761.2100,123.2100,118.3700,
2016-10-05,215.6300,2773.6200,123.9500,118.7900,
2016-10-06,215.7800,2768.7600,123.8200,118.7300,
2016-10-07,215.0400,2756.6900,122.8300,118.4700,
2016-10-10,216.1600,2767.1400,124.3000,119.2200,
2016-10-11,213.4300,2708.8500,122.0300,117.5200,
2016-10-12,213.7100,2702.5800,121.9300,117.4200,
2016-10-13,213.0100,2698.6700,120.9200,117.0000,
2016-10-14,213.1200,2697.6200,120.4300,117.1400,
2016-10-17,212.3800,2688.5400,120.2900,116.8200,
2016-10-18,213.7100,2716.3800,120.9800,117.8600,
2016-10-19,214.2800,2720.5200,121.4900,117.8500,
2016-10-20,213.8800,2721.1600,121.1300,117.7100,
2016-10-21,213.9800,2720.5100,121.0700,118.1500,
2016-10-24,214.8900,2746.2100,121.8400,119.5700,
2016-10-25,214.1700,2734.2600,120.9300,119.1900,
2016-10-26,213.7400,2730.4200,119.7300,118.3800,
2016-10-27,213.1700,2715.2300,118.3600,117.8400,
2016-10-28,212.5400,2716.3100,118.0300,117.1000,
2016-10-31,212.5500,2716.1900,118.5000,116.9900,
2016-11-01,211.0100,2694.6800,117.0500,116.1100,
2016-11-02,209.7400,2673.7000,115.5600,115.1800,
2016-11-03,208.7800,2658.8200,115.0000,114.0500,
2016-11-04,208.5500,2653.8400,115.7400,113.6500,
2016-11-07,213.1500,2714.6700,118.5700,116.3500,
2016-11-08,214.1100,2728.6700,118.8800,117.1100,
2016-11-09,216.3792,2751.2500,122.5400,117.6500,
2016-11-10,216.9200,2729.8200,124.5000,115.7500,
2016-11-11,216.4200,2739.2500,127.3600,115.8000,
2016-11-14,216.5900,2738.8700,129.1500,114.6300,
2016-11-15,218.2800,2765.0000,129.5500,116.2200,
2016-11-16,217.8700,2770.4500,129.5400,116.9100,
2016-11-17,218.9900,2796.7300,130.3000,117.7600,
2016-11-18,218.5000,2783.8500,130.9900,117.3200,
2016-11-21,220.1500,2802.4500,131.6000,118.5400,
2016-11-22,220.5800,2812.0100,132.8000,118.9000,
2016-11-23,220.7000,2810.1600,133.6300,118.4200,
2016-11-25,221.5200,2823.1100,134.0700,118.8000,
2016-11-28,220.4800,2811.7900,132.3300,118.5300,
2016-11-29,220.9100,2821.1600,132.2600,118.9400,
2016-11-30,220.3800,2790.6300,131.6100,117.5000,
2016-12-01,219.5700,2736.9200,130.9700,115.4700,
2016-12-02,219.6800,2740.5700,130.9000,115.7000,
2016-12-05,221.0000,2764.4200,133.1500,116.6000,
2016-12-06,221.7000,2773.4800,134.5900,116.8800,
2016-12-07,224.6000,2814.1500,135.9000,118.3600,
2016-12-08,225.1500,2821.3800,138.0400,118.5700,
2016-12-09,226.5100,2826.0500,138.3100,119.5000,
2016-12-12,226.2500,2802.7100,136.8500,118.9600,
2016-12-13,227.7600,2831.2600,136.8600,120.4600,
2016-12-14,225.8800,2820.0300,135.1500,120.2100,
2016-12-15,226.8100,2835.2300,136.1600,120.4000,
2016-12-16,225.0400,2823.5700,135.9100,119.6000,
2016-12-19,225.5300,2823.1800,136.8000,120.0900,
2016-12-20,226.4000,2838.6500,137.9600,120.5500,
2016-12-21,225.7700,2835.5800,137.0600,120.4600,
2016-12-22,225.3800,2828.1700,135.3200,120.1200,
2016-12-23,225.7100,2837.3900,136.0400,120.2000,
2016-12-27,226.2700,2851.2400,136.6500,120.8200,
2016-12-28,224.4000,2823.2200,135.2500,119.8800,
2016-12-29,224.3500,2819.7800,135.3700,119.7100,
2016-12-30,223.5300,2793.6600,134.8500,118.4800,
2017-01-03,225.2400,2826.0300,135.5200,119.5400,
2017-01-04,226.5800,2852.8600,137.7800,120.1900,
2017-01-05,226.4000,2863.4500,136.1900,120.8700,
2017-01-06,227.2100,2877.7100,135.6900,121.9300,
2017-01-09,226.4600,2888.3200,134.8000,122.3300,
2017-01-10,226.4600,2904.2100,136.0900,122.6000,
2017-01-11,227.1000,2906.0200,136.3300,122.9300,
2017-01-12,226.5300,2899.7100,135.2800,122.7400,
2017-01-13,227.0500,2913.9200,136.2600,123.1600,
2017-01-17,226.2500,2904.1200,134.4100,122.7900,
2017-01-18,226.7500,2915.8500,134.8500,123.0400,
2017-01-19,225.9100,2914.0600,133.7500,122.9800,
2017-01-20,226.7400,2922.7200,134.4400,123.2500,
2017-01-23,226.1500,2916.9800,133.8800,123.3500,
2017-01-24,227.6000,2946.4300,135.9300,124.1800,
2017-01-25,229.5700,2972.5700,137.2100,125.4300,
2017-01-26,229.3300,2961.3200,136.6600,125.5600,
2017-01-27,228.9700,2973.3500,136.1900,125.8000,
2017-01-30,227.5500,2959.8500,134.2900,124.8200,
2017-01-31,227.5300,2960.7800,135.2300,124.5700,
2017-02-01,227.6200,2962.9800,135.1500,125.4300,
2017-02-02,227.7700,2962.3100,134.8100,125.3200,
2017-02-03,229.3400,2977.3900,136.8700,125.6800,
2017-02-06,228.9300,2981.4600,135.8400,125.8300,
2017-02-07,228.9400,2988.6300,135.2400,126.2900,
2017-02-08,229.2400,2993.8800,135.0000,126.5000,
2017-02-09,230.6000,3009.8600,136.9000,126.9600,
2017-02-10,231.5100,3018.5500,137.9400,127.3800,
2017-02-13,232.7700,3029.8100,138.3000,128.1000,
2017-02-14,233.7000,3032.9100,138.7600,128.5300,
2017-02-15,234.9200,3054.6900,139.5900,129.2900,
2017-02-16,234.7200,3050.7500,139.2000,129.2500,
2017-02-17,235.0900,3065.8700,139.1100,129.8100,
2017-02-21,236.4900,3083.1700,140.2000,130.4500,
2017-02-22,236.2800,3081.8600,139.5800,130.5000,
2017-02-23,236.4400,3063.4500,138.7500,130.0100,
2017-02-24,236.7400,3075.8400,138.6500,130.2600,
2017-02-27,237.1100,3082.2400,140.0000,130.4200,
2017-02-28,236.4700,3068.8900,137.8400,130.0200,
2017-03-01,239.7800,3102.7000,140.3600,131.4400,
2017-03-02,238.2700,3086.8900,138.7500,130.7800,
2017-03-03,238.4200,3094.7700,138.6500,131.0200,
2017-03-06,237.7100,3084.5600,137.7000,130.7300,
2017-03-07,237.0000,3071.3900,136.8000,130.5100,
2017-03-08,236.5600,3080.0900,135.9000,130.7400,
2017-03-09,236.8600,3078.6900,135.3600,130.8400,
2017-03-10,237.6900,3098.0500,135.9600,131.3900,
2017-03-13,237.8100,3110.0600,136.2800,131.6100,
2017-03-14,236.9000,3097.5600,135.6300,131.2900,
2017-03-15,238.9500,3121.3100,137.7300,132.1000,
2017-03-16,238.4800,3115.4300,137.9100,132.0100,
2017-03-17,237.0300,3118.9700,138.4600,131.6900,
2017-03-20,236.7700,3113.2600,137.7512,131.8100,
2017-03-21,233.7300,3060.3800,133.9700,129.8100,
2017-03-22,234.2800,3080.8100,134.0000,130.6900,
2017-03-23,234.0300,3081.2700,134.7800,130.3600,
2017-03-24,233.8600,3092.1700,134.4900,130.6300,
2017-03-27,233.6200,3098.1500,134.7400,130.8400,
2017-03-28,235.3200,3111.0400,135.7900,131.6400,
2017-03-29,235.5400,3123.1400,136.2300,132.2500,
2017-03-30,236.2900,3129.4800,137.2600,132.4700,
2017-03-31,235.7400,3119.8700,137.4800,132.3800,
2017-04-03,235.3300,3108.6100,136.0300,132.3000,
2017-04-04,235.4800,3109.2600,135.8700,132.5100,
2017-04-05,234.7800,3097.2700,134.3300,131.9700,
2017-04-06,235.4400,3106.5300,135.5800,132.0400,
2017-04-07,235.2000,3109.1700,135.5200,131.9700,
2017-04-10,235.3400,3112.3000,135.8200,132.0200,
2017-04-11,235.0600,3104.9700,136.9000,131.4500,
2017-04-12,234.0300,3083.9300,135.0400,130.9200,
2017-04-13,232.5100,3071.6400,133.7200,130.4000,
2017-04-17,234.5700,3089.0500,135.2900,131.4800,
2017-04-18,233.8700,3083.6800,135.3200,131.2800,
2017-04-19,233.4400,3097.7600,135.7900,131.4900,
2017-04-20,235.3400,3124.6400,137.5200,132.5900,
2017-04-21,234.5900,3115.5600,137.2100,132.5600,
2017-04-24,237.1700,3153.7200,138.9200,134.1600,
2017-04-25,238.5500,3174.2800,140.2700,135.1300,
2017-04-26,238.4000,3169.5200,140.9900,134.9400,
2017-04-27,238.6000,3184.8100,140.9500,135.7500,
2017-04-28,238.0800,3175.1100,139.0600,135.9900,
2017-05-01,238.6800,3186.8100,139.8600,137.2000,
2017-05-02,238.7700,3195.9700,139.1500,137.4300,
2017-05-03,238.4800,3176.0800,138.2900,136.9900,
2017-05-04,238.7600,3180.7600,138.1000,137.0400,
2017-05-05,239.7000,3194.2000,138.9900,137.5400,
2017-05-08,239.6600,3183.1700,138.4100,137.8400,
2017-05-09,239.4400,3202.4400,138.3500,138.3200,
2017-05-10,239.8700,3212.1300,139.2100,138.4000,
2017-05-11,239.3800,3202.7000,138.2400,138.2900,
2017-05-12,238.9800,3199.8600,137.5100,138.6000,
2017-05-15,240.3000,3216.1800,138.5800,139.0400,
2017-05-16,240.0800,3227.2100,138.6300,139.6200,
2017-05-17,235.8200,3150.3900,134.8900,136.0700,
2017-05-18,236.7700,3175.6700,135.3800,137.2600,
2017-05-19,238.3100,3199.0500,136.0300,137.8400,
2017-05-22,239.5200,3228.5500,136.9500,139.0000,
2017-05-23,240.0500,3220.0400,137.4000,139.1400,
2017-05-24,240.6100,3234.1500,137.4900,139.7800,
2017-05-25,241.7600,3261.4000,137.5800,140.9700,
2017-05-26,241.7100,3265.0100,137.5400,141.2200,
2017-05-30,241.5000,3266.6600,136.4600,141.3400,
2017-05-31,241.4400,3273.8700,136.3200,141.2900,
2017-06-01,243.3600,3302.0700,138.9500,141.8400,
2017-06-02,244.1700,3326.1700,139.8500,143.4600,
2017-06-05,243.9900,3319.3900,138.9800,143.4300,
2017-06-06,243.2100,3303.9600,138.8500,142.8600,
2017-06-07,243.6600,3314.9100,138.9800,143.4200,
2017-06-08,243.7800,3325.5100,140.8800,143.5700,
2017-06-09,243.4100,3258.3800,141.6100,139.9800,
2017-06-12,243.3600,3252.5900,141.3800,139.2300,
2017-06-13,244.5500,3272.2600,142.1000,140.3600,
2017-06-14,244.2400,3258.8000,141.2600,139.7500,
2017-06-15,243.7700,3245.9100,140.5400,139.1300,
2017-06-16,242.6400,3233.6300,140.1900,138.1500,
2017-06-19,244.6600,3280.1900,141.2300,140.4600,
2017-06-20,243.0100,3250.8800,139.8000,139.3600,
2017-06-21,242.9500,3289.9400,139.4500,140.7400,
2017-06-22,242.8400,3293.2100,139.9800,140.7000,
2017-06-23,243.1300,3304.8300,140.9100,141.2400,
2017-06-26,243.2900,3296.6300,141.0800,140.5800,
2017-06-27,241.3300,3238.3200,139.8400,138.0300,
2017-06-28,243.4900,3283.0700,141.9800,140.0200,
2017-06-29,241.3500,3226.9000,141.1400,137.5900,
2017-06-30,241.8000,3228.2400,140.9200,137.6400,
2017-07-03,242.2100,3206.7700,142.1000,136.1900,
2017-07-05,242.7700,3226.9700,141.5900,137.5300,
2017-07-06,240.5500,3195.5900,139.1400,136.2900,
2017-07-07,242.1100,3224.7800,140.4900,137.7600,
2017-07-10,242.3700,3238.2500,139.8800,138.6600,
2017-07-11,242.1900,3245.4600,140.2900,139.0500,
2017-07-12,244.0100,3283.9100,141.3700,140.7000,
2017-07-13,244.4200,3283.4600,141.4900,141.0100,
2017-07-14,245.5600,3307.5400,141.7300,142.1200,
2017-07-17,245.5300,3301.8200,142.0600,142.1900,
2017-07-18,245.6600,3316.8300,141.6900,143.1400,
2017-07-19,246.9900,3340.3400,143.1000,143.9800,
2017-07-20,247.1000,3344.5900,143.2000,144.1700,
2017-07-21,246.8800,3345.3400,142.5500,144.1100,
2017-07-24,246.8200,3344.9500,142.7500,144.7700,
2017-07-25,247.4200,3339.2500,144.0500,144.4000,
2017-07-26,247.4300,3352.3200,143.2500,144.8700,
2017-07-27,247.2000,3338.4700,142.3400,143.9600,
2017-07-28,246.9100,3334.3100,141.9600,143.8400,
2017-07-31,246.7700,3326.0000,141.5100,143.2300,
2017-08-01,247.3200,3327.0500,141.7800,143.5600,
2017-08-02,247.4400,3310.5800,140.2300,143.9500,
2017-08-03,246.9600,3300.3400,139.5300,143.3900,
2017-08-04,247.4100,3291.5300,140.2100,143.6500,
2017-08-07,247.8700,3309.1200,140.4400,144.5600,
2017-08-08,247.2600,3292.4000,140.0000,144.3100,
2017-08-09,247.2500,3282.8700,138.7900,144.1200,
2017-08-10,243.7600,3207.9200,136.2700,141.0300,
2017-08-11,244.1200,3228.6000,136.4700,142.1000,
2017-08-14,246.5400,3261.0100,138.5400,143.9300,
2017-08-15,246.5100,3255.7900,137.4000,144.0300,
2017-08-16,246.9400,3269.1700,137.4400,144.2800,
2017-08-17,243.0900,3201.0600,134.9300,141.3300,
2017-08-18,242.7100,3200.4800,134.9200,141.2300,
2017-08-21,242.9000,3200.1400,134.8300,141.0500,
2017-08-22,245.4400,3247.8000,136.2900,143.2000,
2017-08-23,244.5600,3233.9700,136.0700,142.6900,
2017-08-24,243.9900,3233.4700,136.4900,142.2700,
2017-08-25,244.5600,3232.9000,136.8800,141.9700,
2017-08-28,244.5700,3237.8000,137.4600,142.4100,
2017-08-29,244.8500,3244.5700,137.4900,142.9700,
2017-08-30,246.0100,3287.1000,138.3700,144.6500,
2017-08-31,247.4900,3319.9900,139.7300,146.2000,
2017-09-01,247.8400,3326.0600,140.5200,146.0000,
2017-09-05,246.0600,3297.9000,139.1700,144.6900,
2017-09-06,246.9000,3309.5500,139.4600,145.1300,
2017-09-07,246.8700,3316.3700,139.1100,145.4700,
2017-09-08,246.5800,3300.0000,139.2200,144.2100,
2017-09-11,249.2100,3337.0600,140.6800,145.8700,
2017-09-12,250.0500,3351.8600,141.5400,146.2200,
2017-09-13,250.1700,3355.5300,141.9600,146.4200,
2017-09-14,250.0900,3338.9200,141.8300,145.5600,
2017-09-15,249.1900,3349.2700,142.4100,146.0600,
2017-09-18,249.7200,3352.3600,143.3800,145.5500,
2017-09-19,249.9700,3350.1500,143.3800,145.8000,
2017-09-20,250.0600,3342.1600,143.8400,145.3500,
2017-09-21,249.3900,3325.9900,143.6900,144.4600,
2017-09-22,249.4400,3337.2400,144.3000,144.3200,
2017-09-25,248.9300,3315.1200,144.5000,142.8000,
2017-09-26,249.0800,3312.2800,144.6100,143.1700,
2017-09-27,250.0500,3341.8700,147.4400,144.4600,
2017-09-28,250.3500,3335.9000,147.8300,144.4100,
2017-09-29,251.2300,3362.7400,148.1800,145.4500,
2017-10-02,252.3200,3371.5900,150.0000,145.5800,
2017-10-03,252.8600,3381.4900,150.3300,145.8900,
2017-10-04,253.1600,3394.3600,149.8500,146.0300,
2017-10-05,254.6600,3412.2300,150.2600,147.4600,
2017-10-06,254.3700,3410.9700,150.0500,147.6600,
2017-10-09,253.9500,3395.0900,149.4300,147.4900,
2017-10-10,254.6200,3402.2700,149.8600,147.6000,
2017-10-11,255.0200,3400.1300,149.7500,148.0400,
2017-10-12,254.6400,3390.6500,149.6400,147.7700,
2017-10-13,254.9500,3403.7900,149.3700,148.3400,
2017-10-16,255.2900,3405.9600,149.2400,148.8500,
2017-10-17,255.4700,3407.4800,148.8100,149.0400,
2017-10-18,255.7200,3407.2600,149.5200,148.8600,
2017-10-19,255.7900,3407.5100,149.2900,148.3100,
2017-10-20,257.1100,3422.3800,149.9800,148.7100,
2017-10-23,256.1100,3406.1400,148.8600,147.7400,
2017-10-24,256.5600,3405.6400,149.1700,147.9900,
2017-10-25,255.2900,3386.6000,148.4500,147.4300,
2017-10-26,255.6200,3379.4400,148.7600,146.9600,
2017-10-27,257.7100,3400.6800,149.7900,151.2400,
2017-10-30,256.7500,3389.7900,148.2100,151.5800,
2017-10-31,257.1500,3404.5300,149.2600,152.1500,
2017-11-01,257.4900,3391.7600,148.2700,152.1000,
2017-11-02,257.5900,3380.4000,148.7100,151.8100,
2017-11-03,258.4500,3405.1600,148.6100,153.2700,
2017-11-06,258.8500,3414.2500,148.7800,153.7900,
2017-11-07,258.6700,3411.0500,147.0000,153.8800,
2017-11-08,259.1100,3420.4400,147.2000,154.5000,
2017-11-09,258.1700,3401.7200,146.6800,153.6900,
2017-11-10,258.0900,3409.3700,146.5700,153.6800,
2017-11-13,258.3300,3415.2700,146.6100,153.8700,
2017-11-14,257.7300,3407.3700,146.2100,153.3100,
2017-11-15,256.4400,3398.8900,145.6300,152.5900,
2017-11-16,258.6200,3447.7600,147.7700,154.5400,
2017-11-17,257.8600,3458.6700,148.4500,153.9500,
2017-11-20,258.3000,3452.4200,149.5300,153.8300,
2017-11-21,259.9900,3477.6200,151.0900,155.5000,
2017-11-22,259.7600,3479.3000,150.8900,155.6900,
2017-11-24,260.3600,3482.7700,150.9500,156.2600,
2017-11-27,260.2300,3467.6300,150.4900,156.1900,
2017-11-28,262.8700,3491.4400,152.8600,156.5900,
2017-11-29,262.7100,3454.8900,153.3700,153.8600,
2017-11-30,265.0100,3477.2900,153.6500,155.1500,
2017-12-01,264.4600,3463.4200,153.0200,154.4900,
2017-12-04,264.1400,3447.8300,152.4500,152.7100,
2017-12-05,263.1900,3441.8000,150.9300,152.8100,
2017-12-06,263.2400,3442.7800,150.2200,153.5000,
2017-12-07,264.0700,3458.6200,151.2700,154.0200,
2017-12-08,265.5100,3476.4800,151.4100,154.7000,
2017-12-11,266.3100,3492.8200,151.3500,155.9000,
2017-12-12,266.7800,3488.0100,150.8800,155.6900,
2017-12-13,266.7500,3499.9000,151.7800,155.9900,
2017-12-14,265.6600,3490.7700,150.1000,155.8800,
2017-12-15,266.5100,3527.6400,152.2400,157.6500,
2017-12-18,268.2000,3553.2700,154.3000,158.6400,
2017-12-19,267.1700,3543.5800,153.0800,157.7000,
2017-12-20,267.0300,3540.9400,153.3800,157.5300,
2017-12-21,267.5800,3541.2100,153.4700,157.5500,
2017-12-22,267.5100,3536.7500,153.1900,157.3700,
2017-12-26,267.1900,3527.4600,153.2800,156.5200,
2017-12-27,267.3200,3527.2100,153.1300,156.5400,
2017-12-28,267.8700,3530.4900,153.7300,156.7300,
2017-12-29,266.8600,3505.3600,152.4600,155.7600,
2018-01-02,268.7700,3568.0500,153.9000,158.4900,
2018-01-03,270.4700,3606.7800,154.0600,160.0300,
2018-01-04,271.6100,3612.7400,154.4700,160.3100,
2018-01-05,273.4200,3643.5000,154.7900,161.9200,
2018-01-08,273.9200,3655.0700,155.0300,162.5500,
2018-01-09,274.5400,3655.3600,154.8200,162.5600,
2018-01-10,274.1200,3641.8200,154.8400,162.1800,
2018-01-11,276.1200,3668.5200,157.5000,163.2900,
2018-01-12,277.9200,3696.4400,158.1600,164.4900,
2018-01-16,276.9700,3684.5900,156.1400,164.0200,
2018-01-17,279.6100,3723.9700,157.6200,165.7900,
2018-01-18,279.1400,3724.0900,156.5400,165.8200,
2018-01-19,280.4100,3743.2600,158.6000,166.3400,
2018-01-22,282.6900,3773.6500,159.4500,168.1200,
2018-01-23,283.2900,3793.7500,159.9600,169.5100,
2018-01-24,283.1800,3776.5200,158.9700,168.4100,
2018-01-25,283.3000,3770.3000,159.0300,168.3500,
2018-01-26,286.5800,3825.9100,159.6000,170.9300,
2018-01-29,284.6800,3807.4400,158.7000,170.1000,
2018-01-30,281.7600,3765.7800,157.1800,168.7000,
2018-01-31,281.9000,3766.7200,156.3600,169.4000,
2018-02-01,281.5800,3747.0000,156.8500,167.9600,
2018-02-02,275.4500,3674.4800,153.8300,164.6100,
2018-02-05,263.9300,3537.3900,147.9200,158.1200,
2018-02-06,269.1300,3602.1700,149.6900,162.3100,
2018-02-07,267.6700,3573.1200,149.8400,160.2100,
2018-02-08,257.6300,3430.6500,145.4400,153.4500,
2018-02-09,261.5000,3474.2800,146.7700,156.1000,
2018-02-12,265.3400,3522.5400,148.1600,158.8700,
2018-02-13,266.0000,3529.3800,148.4800,159.6900,
2018-02-14,269.5900,3590.7100,151.1500,162.6800,
2018-02-15,273.0300,3644.4800,152.8000,165.7000,
2018-02-16,273.1100,3639.2800,153.3400,164.9600,
2018-02-20,271.4000,3637.4500,152.0800,165.2900,
2018-02-21,270.0500,3621.8400,152.2400,164.8200,
2018-02-22,270.4000,3619.0100,152.0000,164.8000,
2018-02-23,274.7100,3688.5500,153.9800,168.1700,
2018-02-26,277.9000,3723.5500,154.9900,170.4000,
2018-02-27,274.4300,3676.1500,152.7600,168.2900,
2018-02-28,271.6500,3652.5100,150.3500,167.2100,
2018-03-01,267.7000,3601.6200,149.9500,164.4800,
2018-03-02,269.0800,3641.1500,152.3500,165.9900,
2018-03-05,272.1900,3683.0700,153.7100,167.8300,
2018-03-06,272.8800,3711.6300,155.3700,168.5400,
2018-03-07,272.7800,3721.6700,156.7400,168.9300,
2018-03-08,274.1000,3742.4700,156.4200,169.8600,
2018-03-09,278.8700,3810.7200,158.9200,173.1600,
2018-03-12,278.5200,3822.6000,159.2000,174.0800,
2018-03-13,276.7200,3784.4700,158.4600,171.7100,
2018-03-14,275.3000,3774.2900,157.7100,171.6800,
2018-03-15,275.0000,3766.7500,156.9200,171.5300,
2018-03-16,274.2000,3772.9000,157.8000,171.0200,
2018-03-19,270.4900,3702.5700,156.2800,167.1000,
2018-03-20,270.9500,3707.6900,156.2400,167.6500,
2018-03-21,270.4300,3702.5300,157.1500,166.9200,
2018-03-22,263.6700,3609.8900,153.3500,162.8000,
2018-03-23,258.0500,3523.1200,150.0500,158.5100,
2018-03-26,265.1100,3625.6400,153.3300,164.4000,
2018-03-27,260.6000,3532.9600,150.3600,159.0800,
2018-03-28,259.8300,3515.8800,150.3100,157.2500,
2018-03-29,263.1500,3569.3800,151.8300,160.1300,
2018-04-02,257.4700,3475.3900,148.1300,155.5100,
2018-04-03,260.7700,3509.6900,150.2500,157.2600,
2018-04-04,263.5600,3566.0500,152.1600,159.7400,
2018-04-05,265.6400,3569.9500,153.4200,160.6500,
2018-04-06,259.7200,3479.6900,150.3600,156.6300,
2018-04-09,261.0000,3497.1400,150.5400,157.7300,
2018-04-10,265.1500,3569.5900,153.3800,161.2100,
2018-04-11,263.7600,3547.3400,153.7100,160.2800,
2018-04-12,265.9300,3585.8400,154.7600,162.2100,
2018-04-13,265.1500,3563.5500,153.9500,161.3700,
2018-04-16,267.3300,3590.9000,155.3700,162.6000,
2018-04-17,270.1900,3644.8100,157.0600,166.1000,
2018-04-18,270.3900,3659.5300,157.4800,166.4400,
2018-04-19,268.8900,3605.0200,156.3900,164.9100,
2018-04-20,266.6100,3564.6200,155.5500,162.3000,
2018-04-23,266.5700,3560.3800,155.3200,161.8900,
2018-04-24,262.9800,3515.5600,154.4300,158.4600,
2018-04-25,263.6300,3512.7200,154.2000,158.6500,
2018-04-26,266.3100,3568.8300,154.9100,161.9900,
2018-04-27,266.5600,3565.2600,154.6900,162.0900,
2018-04-30,264.5100,3533.5600,153.3200,160.9400,
2018-05-01,264.9800,3557.1400,154.0700,162.7800,
2018-05-02,263.2000,3517.8700,154.6500,161.8200,
2018-05-03,262.6200,3512.8300,153.8100,161.8000,
2018-05-04,266.0200,3570.8700,155.7300,164.8700,
2018-05-07,266.9200,3591.6000,157.0500,166.2400,
2018-05-08,266.9200,3581.1800,157.8300,166.0700,
2018-05-09,269.5000,3614.2800,158.6800,167.8800,
2018-05-10,272.0200,3647.8500,159.5300,169.6200,
2018-05-11,272.8500,3639.6800,159.8400,169.4600,
2018-05-14,272.9800,3648.9800,159.2300,169.7500,
2018-05-15,271.1000,3622.3800,159.2600,167.8700,
2018-05-16,272.2400,3650.3300,160.9200,168.9800,
2018-05-17,272.0100,3642.6800,161.6600,168.3300,
2018-05-18,271.3300,3628.4500,161.8700,167.4600,
2018-05-21,273.3700,3637.1000,162.9400,168.4000,
2018-05-22,272.6100,3628.7700,161.7600,168.1800,
2018-05-23,273.3600,3643.5400,161.9700,169.6000,
2018-05-24,272.8000,3644.1300,162.0300,169.5500,
2018-05-25,272.1500,3650.3200,161.7400,169.7200,
2018-05-29,269.0200,3626.1000,161.5200,168.9700,
2018-05-30,272.6100,3655.6300,164.0800,170.1800,
2018-05-31,270.9400,3628.1500,162.7700,170.0700,
2018-06-01,273.6000,3675.7400,163.8400,172.7400,
2018-06-04,274.9000,3700.9300,164.7100,174.3000,
2018-06-05,275.1000,3707.9000,165.7300,174.8400,
2018-06-06,277.4000,3743.6900,166.9300,175.8600,
2018-06-07,277.3700,3718.1800,166.0200,174.4300,
2018-06-08,278.1900,3728.0500,166.5200,174.4400,
2018-06-11,278.5600,3742.2900,166.7700,174.9100,
2018-06-12,278.9200,3765.7900,167.5300,175.8300,
2018-06-13,278.0300,3763.2100,166.8700,175.8200,
2018-06-14,278.7300,3798.2900,167.7600,177.6000,
2018-06-15,277.1300,3802.0000,167.8100,176.9800,
2018-06-18,276.5600,3783.4200,168.6000,176.5000,
2018-06-19,275.5000,3765.3400,168.6100,176.0000,
2018-06-20,275.9700,3786.2100,169.9700,177.2500,
2018-06-21,274.2400,3753.2100,168.3800,175.7100,
2018-06-22,274.7400,3750.5800,167.8200,175.3200,
2018-06-25,271.0000,3679.3600,165.0800,171.3700,
2018-06-26,271.6000,3679.2900,166.0400,172.0700,
2018-06-27,269.3500,3621.6600,163.3800,169.7300,
2018-06-28,270.8900,3646.7000,163.8800,171.1900,
2018-06-29,271.2800,3662.6400,163.7700,171.6500,
2018-07-02,271.8600,3679.3200,164.9000,172.8000,
2018-07-03,270.9000,3655.6900,164.9600,170.8000,
2018-07-05,273.1100,3702.8800,166.8400,172.9200,
2018-07-06,275.4200,3759.8300,168.2500,175.6100,
2018-07-09,277.9000,3789.5200,169.3100,177.1900,
2018-07-10,278.9000,3793.1400,168.5400,177.3200,
2018-07-11,276.8600,3764.2300,167.1100,176.4200,
2018-07-12,279.3700,3823.7100,167.9200,179.4600,
2018-07-13,279.5900,3828.4000,167.4200,179.6100,
2018-07-16,279.3400,3811.5100,166.7700,179.1800,
2018-07-17,280.4700,3834.8300,167.5100,180.2700,
2018-07-18,281.0600,3836.7500,167.9800,179.9300,
2018-07-19,280.0000,3820.6800,169.1700,179.0300,
2018-07-20,279.6800,3809.3100,168.4800,178.9900,
2018-07-23,280.2000,3816.5000,168.6900,179.5600,
2018-07-24,281.6100,3800.5200,166.8900,180.3000,
2018-07-25,284.0100,3845.0500,167.5000,182.8200,
2018-07-26,283.3400,3840.6600,168.4000,180.0500,
2018-07-27,281.4200,3799.5300,165.2600,177.6200,
2018-07-30,279.9500,3755.4400,164.2000,175.1100,
2018-07-31,281.3300,3784.1600,165.8700,176.4500,
2018-08-01,280.8600,3768.0000,165.7600,177.1200,
2018-08-02,282.3900,3797.6200,166.9700,179.5300,
2018-08-03,283.6000,3811.8900,166.3900,180.0800,
2018-08-06,284.6400,3825.5600,167.3200,181.1400,
2018-08-07,285.5800,3834.8300,167.7200,181.8000,
2018-08-08,285.4600,3827.3900,167.5700,182.0200,
2018-08-09,285.0700,3815.9800,168.0000,181.9100,
2018-08-10,283.1600,3786.1500,167.5300,180.5200,
2018-08-13,282.1000,3774.0800,166.5500,180.3200,
2018-08-14,283.9000,3792.4700,168.2000,181.4500,
2018-08-15,281.7800,3744.3800,166.0900,179.2300,
2018-08-16,284.0600,3761.3800,167.6300,179.8200,
2018-08-17,285.0600,3762.6800,168.3500,179.8600,
2018-08-20,285.6700,3770.6900,168.8200,179.7000,
2018-08-21,286.3400,3797.7800,170.7600,180.3600,
2018-08-22,286.1700,3803.8700,171.1800,181.0600,
2018-08-23,285.7900,3792.0600,170.6600,180.8000,
2018-08-24,287.5100,3832.7100,171.5900,182.4800,
2018-08-27,289.7800,3863.3600,171.8400,184.3400,
2018-08-28,289.9200,3867.6800,172.0000,184.6100,
2018-08-29,291.4800,3891.3500,172.5000,186.7400,
2018-08-30,290.3000,3854.4700,172.3600,186.4100,
2018-08-31,290.3100,3863.4600,173.0200,186.6500,
2018-09-04,289.8100,3843.3900,172.2500,185.8500,
2018-09-05,289.0300,3810.0200,171.7900,183.4500,
2018-09-06,288.1600,3783.1400,170.6300,181.8100,
2018-09-07,287.6000,3773.1900,170.5400,181.1100,
2018-09-10,288.1000,3793.6600,170.7500,181.7200,
2018-09-11,289.0500,3795.2200,171.0300,183.1200,
2018-09-12,289.1200,3796.6200,170.6200,182.5800,
2018-09-13,290.8300,3829.0100,170.6600,184.5300,
2018-09-14,290.8800,3830.4700,171.3800,183.9900,
2018-09-17,289.3400,3792.4600,169.5600,181.3400,
2018-09-18,290.9100,3821.0900,170.2700,182.8400,
2018-09-19,291.2200,3823.2300,169.6500,182.7000,
2018-09-20,293.5800,3860.4800,171.2200,184.7200,
2018-09-21,291.9900,3854.9900,170.4000,183.7100,
2018-09-24,291.0200,3841.2900,169.7700,183.8900,
2018-09-25,290.7500,3828.4500,170.0300,184.1400,
2018-09-26,289.8800,3833.9100,168.0300,184.2700,
2018-09-27,290.6900,3851.2300,168.0400,185.8300,
2018-09-28,290.7200,3849.7800,168.5500,185.7900,
2018-10-01,291.7300,3845.3300,166.3300,186.1700,
2018-10-02,291.5600,3833.7100,164.5300,185.7500,
2018-10-03,291.7200,3837.0100,165.9700,185.9500,
2018-10-04,289.4400,3765.7300,163.6400,182.3800,
2018-10-05,287.8200,3720.9600,162.1600,180.1500,
2018-10-08,287.8200,3696.3800,161.8200,179.0500,
2018-10-09,287.4000,3691.3000,161.1900,179.6300,
2018-10-10,278.3000,3560.1400,156.5600,171.7300,
2018-10-11,272.1700,3514.9300,153.5700,169.6000,
2018-10-12,275.9500,3590.1800,153.6000,174.3200,
2018-10-15,274.4000,3567.8500,154.1700,172.2100,
2018-10-16,280.4000,3668.5300,158.6400,177.2200,
2018-10-17,280.4500,3667.1100,157.9600,177.2900,
2018-10-18,276.4000,3590.7400,155.0000,173.1800,
2018-10-19,276.2500,3569.2800,153.3600,173.0200,
2018-10-22,275.0100,3573.5600,153.0300,173.9100,
2018-10-23,273.6100,3560.4800,151.6600,173.2700,
2018-10-24,265.3200,3400.9700,145.9500,165.3400,
2018-10-25,270.0800,3479.1100,149.1100,171.0600,
2018-10-26,265.3300,3423.0000,147.4800,166.6600,
2018-10-29,263.8600,3395.8800,146.6700,163.2300,
2018-10-30,267.7700,3460.8700,149.7300,165.9200,
2018-10-31,270.6300,3517.2800,150.0300,169.8200,
2018-11-01,273.5100,3596.6700,153.4900,172.0600,
2018-11-02,271.8900,3575.7200,154.0000,169.3800,
2018-11-05,273.3900,3577.4300,153.8800,168.9600,
2018-11-06,275.1200,3605.9400,154.6400,170.2400,
2018-11-07,281.0100,3684.4100,157.4100,175.5800,
2018-11-08,280.5000,3659.2500,156.9900,174.4600,
2018-11-09,277.7600,3603.7400,154.0800,171.5200,
2018-11-12,272.5700,3518.5100,151.0300,166.3300,
2018-11-13,272.0600,3530.9800,150.5500,166.4700,
2018-11-14,270.2000,3519.2100,149.4500,165.2000,
2018-11-15,273.0200,3584.6900,151.5800,168.0900,
2018-11-16,273.7300,3578.9800,151.9400,167.5000,
2018-11-19,269.1000,3488.3300,148.8600,162.0600,
2018-11-20,264.1200,3431.6500,145.9900,159.1600,
2018-11-21,265.0200,3465.4100,148.0300,160.3700,
2018-11-23,263.2500,3459.7200,147.8900,159.2100,
2018-11-26,267.5000,3525.9400,149.8100,162.8900,
2018-11-27,268.4000,3537.7600,148.5700,163.4400,
2018-11-28,274.5800,3618.4300,152.2400,168.7000,
2018-11-29,273.9800,3601.0600,151.8300,168.1500,
2018-11-30,275.6500,3627.8700,152.6200,169.3700,
2018-12-03,279.3000,3675.1500,154.0800,172.3300,
2018-12-04,270.2500,3552.4200,147.5200,165.7200,
2018-12-06,269.8400,3562.6500,147.2000,166.8900,
2018-12-07,263.5700,3449.7700,144.0200,161.3800,
2018-12-10,264.0700,3472.7200,143.6000,163.0700,
2018-12-11,264.1300,3481.9400,143.4500,163.6100,
2018-12-12,265.4600,3520.3900,144.8200,165.0500,
2018-12-13,265.3700,3502.6200,142.7700,165.1000,
2018-12-14,260.4700,3432.7900,140.6100,161.0800,
2018-12-17,255.3600,3365.9900,137.0200,157.4300,
2018-12-18,255.0800,3365.8100,136.8500,158.4200,
2018-12-19,251.2600,3294.0500,134.0000,154.5300,
2018-12-20,247.1700,3250.0500,131.7900,152.2900,
2018-12-21,240.7000,3175.4600,128.3700,147.5700,
2018-12-24,234.3400,3101.7500,125.8800,143.5000,
2018-12-26,246.1800,3268.2800,131.9300,152.4600,
2018-12-27,248.0700,3292.3000,132.4800,153.0500,
2018-12-28,247.7500,3287.4400,132.8600,152.9700,
2018-12-31,249.9200,3308.3700,133.9000,154.2600,
2019-01-02,250.1800,3319.1600,134.6600,154.8800,
2019-01-03,244.2100,3230.4000,132.2500,149.8200,
2019-01-04,252.3900,3370.4200,137.1900,156.2300,
2019-01-07,254.3800,3419.0400,139.5900,158.0900,
2019-01-08,256.7700,3446.0100,141.7300,159.5200,
2019-01-09,257.9700,3479.2000,142.9000,160.8200,
2019-01-10,258.8800,3497.6900,143.6400,161.2800,
2019-01-11,258.9800,3498.7900,143.6800,160.6900,
2019-01-14,257.4000,3462.9600,142.2500,159.2700,
2019-01-15,260.3500,3507.4400,143.4500,162.3800,
2019-01-16,260.9800,3503.8900,144.5200,162.3500,
2019-01-17,262.9600,3535.0100,145.8300,163.6300,
2019-01-18,266.4600,3589.6200,147.3300,165.2500,
2019-01-22,262.8600,3524.6700,145.0000,161.9400,
2019-01-23,263.4100,3516.3200,144.6000,162.1500,
2019-01-24,263.5500,3568.2800,145.4700,163.2000,
2019-01-25,265.7800,3629.9100,147.3400,165.1500,
2019-01-28,263.7600,3599.3800,146.5500,163.1100,
2019-01-29,263.4100,3579.6000,146.2000,161.5700,
2019-01-30,267.5800,3648.4000,147.8000,165.6800,
2019-01-31,269.9300,3687.5700,149.0600,168.1600,
2019-02-01,270.0600,3709.7200,149.1800,167.4500,
2019-02-04,271.9600,3733.0400,150.9600,169.5300,
2019-02-05,273.1000,3756.3400,151.1200,171.0300,
2019-02-06,272.7400,3757.0200,150.9300,170.5200,
2019-02-07,270.1400,3712.6400,149.6900,168.2300,
2019-02-08,270.4700,3728.0500,149.8500,168.5600,
2019-02-11,270.6200,3731.6000,151.1000,168.4000,
2019-02-12,274.1000,3791.0000,152.9900,170.8900,
2019-02-13,274.9900,3794.9700,153.4200,171.0100,
2019-02-14,274.3800,3798.3100,153.7700,171.2200,
2019-02-15,277.3700,3821.9600,156.2200,171.9400,
2019-02-19,277.8500,3822.8300,156.6500,172.2800,
2019-02-20,278.4100,3823.8200,157.3900,172.2500,
2019-02-21,277.4200,3798.6900,156.7900,171.6200,
2019-02-22,279.1400,3825.5900,158.1500,172.8900,
2019-02-25,279.5200,3837.6400,158.1900,173.5200,
2019-02-26,279.3200,3833.9100,157.1000,173.7000,
2019-02-27,279.2000,3823.8200,157.3200,173.5900,
2019-02-28,278.6800,3821.9700,156.7800,173.1900,
2019-03-01,280.4200,3845.6600,158.2400,174.3900,
2019-03-04,279.4000,3824.4100,156.8100,174.4200,
2019-03-05,279.0200,3823.1900,156.0800,174.5500,
2019-03-06,277.3300,3788.7600,153.0200,173.5600,
2019-03-07,275.0100,3750.1300,151.6800,171.4300,
2019-03-08,274.4600,3738.3700,151.6400,171.1700,
2019-03-11,278.4400,3804.1700,154.2900,174.7300,
2019-03-12,279.4900,3816.1300,154.3700,175.6900,
2019-03-13,281.3400,3844.1800,154.9800,177.0100,
2019-03-14,281.1600,3832.7700,154.3500,176.7100,
2019-03-15,281.3100,3870.6200,154.7600,178.3500,
2019-03-18,282.3300,3872.4700,155.7500,178.4500,
2019-03-19,282.4000,3883.5900,154.9600,179.0500,
2019-03-20,281.5500,3870.8600,153.2600,179.7600,
2019-03-21,284.7300,3936.2700,155.2700,182.5700,
2019-03-22,279.2500,3843.6600,149.6200,178.5600,
2019-03-25,279.0400,3838.9900,150.2800,178.2200,
2019-03-26,281.1200,3867.4000,151.8600,179.0500,
2019-03-27,279.6500,3841.6200,151.2700,177.9000,
2019-03-28,280.7100,3855.5400,152.6200,178.3100,
2019-03-29,282.4800,3895.1400,153.0900,179.6600,
2019-04-01,285.8300,3955.4200,154.7600,182.0400,
2019-04-02,285.9700,3958.8000,154.3600,182.7300,
2019-04-03,286.4200,3992.0200,155.1600,183.7800,
2019-04-04,287.1800,3982.2100,155.9200,183.7100,
2019-04-05,288.5700,4015.8800,157.3800,184.6600,
2019-04-08,288.7900,4019.4000,157.1200,185.1300,
2019-04-09,287.3100,3994.2900,155.2000,184.4800,
2019-04-10,288.2900,4017.1700,157.3100,185.4700,
2019-04-11,288.2100,4010.0400,157.1100,185.0300,
2019-04-12,290.1600,4034.3500,157.6800,185.8300,
2019-04-15,289.9700,4026.1300,157.1700,185.8600,
2019-04-16,290.1600,4035.3800,157.5400,186.5000,
2019-04-17,289.4500,4020.2800,156.1000,187.1500,
2019-04-18,290.0200,4019.8900,155.6400,187.3900,
2019-04-22,290.2700,4011.8700,155.2300,187.9200,
2019-04-23,292.8800,4064.5400,157.5700,190.3100,
2019-04-24,292.2300,4062.0000,158.0600,189.7100,
2019-04-25,292.0500,4050.9900,156.7500,190.4800,
2019-04-26,293.4100,4066.9400,158.2700,190.6500,
2019-04-29,293.8700,4069.9500,159.0300,191.0200,
2019-04-30,294.0200,4081.2700,158.2900,189.5400,
2019-05-01,291.8100,4048.7800,156.7900,188.9300,
2019-05-02,291.1800,4055.8100,157.5200,188.1100,
2019-05-03,294.0300,4106.5500,160.5300,191.1100,
2019-05-06,292.8200,4076.0900,160.7100,189.9400,
2019-05-07,287.9300,3982.3400,157.5300,186.2400,
2019-05-08,287.5300,3975.2100,156.7600,185.7700,
2019-05-09,286.6600,3969.4100,156.1900,184.7700,
2019-05-10,288.1000,3969.9300,156.6200,185.0000,
2019-05-13,280.8600,3831.5400,151.6300,178.5800,
2019-05-14,283.4000,3891.5000,153.5400,180.5400,
2019-05-15,285.0600,3929.5500,154.0400,183.0900,
2019-05-16,287.7000,3958.3300,155.0000,184.9300,
2019-05-17,285.8400,3911.6200,152.8400,183.0400,
2019-05-20,283.9500,3847.1700,151.7800,179.9500,
2019-05-21,286.5100,3895.5300,153.8200,181.8300,
2019-05-22,285.6300,3872.1600,152.5300,181.0200,
2019-05-23,282.1400,3814.0000,149.3900,178.2500,
2019-05-24,282.7800,3809.8300,150.7900,178.1600,
2019-05-28,280.1500,3783.0300,149.5900,177.4900,
2019-05-29,278.2700,3750.7300,148.3400,176.0300,
2019-05-30,279.0300,3766.4900,147.9300,176.7700,
2019-05-31,275.2700,3718.0800,145.8600,173.9500,
2019-06-03,274.5700,3689.7000,146.3700,170.1200,
2019-06-04,280.5300,3798.0500,150.1600,174.9100,
2019-06-05,282.9600,3820.3500,150.1900,176.2100,
2019-06-06,284.8000,3842.3700,149.8000,177.6100,
2019-06-07,287.6500,3894.6600,150.8600,181.0400,
2019-06-10,288.9700,3934.5900,151.7500,183.1500,
2019-06-11,288.9000,3932.6200,151.3000,183.4000,
2019-06-12,288.3900,3914.6500,151.4700,182.3400,
2019-06-13,289.5800,3933.3200,153.0700,183.4200,
2019-06-14,289.2600,3908.0400,151.7300,182.6400,
2019-06-17,289.3700,3912.8900,152.2400,183.7400,
2019-06-18,292.4000,3975.9100,154.0100,186.4100,
2019-06-19,293.0600,4005.1900,154.5600,187.1100,
2019-06-20,295.8600,4038.2400,155.2900,188.8500,
2019-06-21,294.0000,4025.3900,153.9500,188.5700,
2019-06-24,293.6400,4011.7600,152.0800,188.1600,
2019-06-25,290.7600,3961.9400,151.1500,184.9300,
2019-06-26,290.4700,3979.7600,150.8000,185.7900,
2019-06-27,291.5000,4013.9200,153.6300,186.5000,
2019-06-28,293.0000,4039.4700,155.5000,186.7400,
2019-07-01,295.6600,4095.5100,156.1000,189.2600,
2019-07-02,296.4300,4095.2600,155.1500,190.0100,
2019-07-03,298.8000,4126.2400,156.2600,191.4400,
2019-07-05,298.4600,4108.5900,156.6800,191.0500,
2019-07-08,296.8200,4081.6900,155.1900,189.7100,
2019-07-09,297.1900,4098.7000,155.4000,190.6600,
2019-07-10,298.6100,4124.9500,155.6700,192.5600,
2019-07-11,299.3100,4120.5800,154.9100,192.4200,
2019-07-12,300.6500,4151.3000,156.1100,193.5300,
2019-07-15,300.7500,4156.9800,155.2900,194.1500,
2019-07-16,299.7100,4135.4300,155.2400,193.1500,
2019-07-17,297.7400,4124.2700,154.1300,192.2000,
2019-07-18,298.8300,4149.3800,154.7100,192.4200,
2019-07-19,297.1700,4114.8700,153.8200,191.0100,
2019-07-22,297.9000,4137.5300,153.6800,192.5300,
2019-07-23,300.0300,4175.2600,154.7000,193.7900,
2019-07-24,301.4400,4218.0500,157.2600,195.1500,
2019-07-25,300.0000,4160.9200,155.3600,193.3000,
2019-07-26,302.0100,4182.6500,157.2000,195.2900,
2019-07-29,301.4600,4175.5200,156.1500,194.6200,
2019-07-30,300.7200,4169.5100,157.8400,193.7800,
2019-07-31,297.4300,4102.0500,156.5600,191.1000,
2019-08-01,294.8400,4066.9600,154.2900,190.1500,
2019-08-02,292.6200,4006.7400,152.5800,187.3500,
2019-08-05,283.8200,3863.1500,148.0000,180.7300,
2019-08-06,287.8000,3912.7000,149.3600,183.2600,
2019-08-07,287.9700,3929.1000,149.3200,184.2500,
2019-08-08,293.6200,4024.1400,152.5400,188.2600,
2019-08-09,291.6200,3981.9400,150.6200,186.4900,
2019-08-12,288.0700,3925.6800,148.6700,184.3500,
2019-08-13,292.5500,4005.9200,150.2700,188.3900,
2019-08-14,283.9000,3882.6600,146.0700,182.7600,
2019-08-15,284.6500,3880.2000,145.4900,182.5500,
2019-08-16,288.8500,3948.5100,148.6300,185.4800,
2019-08-19,292.3300,4004.9600,150.1300,188.4300,
2019-08-20,290.0900,3981.8500,149.1500,186.9700,
2019-08-21,292.4500,4013.5800,150.3800,188.6300,
2019-08-22,292.3600,4007.3200,150.0300,188.0200,
2019-08-23,284.8500,3883.5800,145.4300,182.0700,
2019-08-26,288.0000,3931.3600,147.0300,184.8200,
2019-08-27,286.8700,3921.7600,144.8500,184.4300,
2019-08-28,288.8900,3941.5600,146.5400,185.0900,
2019-08-29,292.5800,4000.8500,149.1100,187.9200,
2019-08-30,292.4500,3995.7900,148.8400,187.4700,
2019-09-03,290.7400,3951.8700,146.6600,185.6500,
2019-09-04,294.0400,4007.1700,147.8400,188.3300,
2019-09-05,297.8200,4084.9300,150.5900,191.7800,
2019-09-06,298.0500,4093.9300,149.9000,191.5900,
2019-09-09,298.2000,4090.5200,151.9100,191.1900,
2019-09-10,298.1300,4089.5500,153.8500,190.6400,
2019-09-11,300.2500,4123.9200,157.0000,192.4300,
2019-09-12,301.2900,4127.9500,157.0400,193.2300,
2019-09-13,301.0900,4123.2200,157.3100,192.5400,
2019-09-16,300.1600,4105.4300,157.9000,191.6800,
2019-09-17,300.9200,4120.5500,157.4900,192.6000,
2019-09-18,301.1000,4109.5600,156.5200,192.5200,
2019-09-19,301.0800,4103.3000,155.7600,192.8400,
2019-09-20,298.2800,4071.4100,155.4300,190.8000,
2019-09-23,298.2100,4066.7700,155.3100,190.5000,
2019-09-24,295.8700,4011.2100,152.4300,187.9700,
2019-09-25,297.6200,4051.9200,154.1000,190.0800,
2019-09-26,297.0000,4041.4000,152.3800,189.3800,
2019-09-27,295.4000,3985.1500,151.1600,187.0300,
2019-09-30,296.7700,4020.1800,151.3400,188.8100,
2019-10-01,293.2400,3981.0700,148.3700,187.2700,
2019-10-02,288.0600,3919.7900,147.2500,184.0500,
2019-10-03,290.4200,3959.2700,147.7400,186.0700,
2019-10-04,294.3500,4010.4900,149.1400,188.8100,
2019-10-07,293.0800,3990.8400,148.8800,188.2400,
2019-10-08,288.5300,3918.8900,146.4600,185.4200,
2019-10-09,291.2700,3961.8200,147.1300,187.2300,
2019-10-10,293.2400,3994.2400,147.7200,188.6800,
2019-10-11,296.2800,4062.7300,150.2200,191.1100,
2019-10-14,295.9500,4065.0100,149.6700,191.0900,
2019-10-15,298.8800,4117.9300,151.3900,193.5200,
2019-10-16,298.4000,4097.3500,151.5500,193.0400,
2019-10-17,299.2800,4108.0100,153.3400,193.5500,
2019-10-18,297.9700,4076.2400,152.6100,191.6900,
2019-10-21,299.9900,4106.4400,154.0400,193.3900,
2019-10-22,299.0100,4080.8600,154.2100,191.8500,
2019-10-23,299.8800,4075.5900,154.4000,192.2200,
2019-10-24,300.3700,4130.7700,154.1800,194.0900,
2019-10-25,301.6000,4157.2700,155.0000,195.6400,
2019-10-28,303.3000,4188.5700,156.3400,197.5700,
2019-10-29,303.2100,4182.6900,156.8500,196.0400,
2019-10-30,304.1400,4197.5700,156.3300,196.9900,
2019-10-31,303.3300,4173.9600,155.4500,197.0800,
2019-11-01,306.1400,4218.5000,158.1000,198.8700,
2019-11-04,307.3700,4247.1700,158.9500,200.1000,
2019-11-05,307.0300,4244.7300,159.1500,200.2100,
2019-11-06,307.1000,4232.0600,158.2300,199.7600,
2019-11-07,308.1800,4236.9900,158.6500,200.4300,
2019-11-08,308.9400,4253.9800,159.0800,201.2300,
2019-11-11,308.3500,4244.6000,158.7800,200.9600,
2019-11-12,309.0000,4249.0300,158.8300,201.5400,
2019-11-13,309.1000,4245.3000,158.1500,201.5900,
2019-11-14,309.5500,4243.8600,158.1000,201.4300,
2019-11-15,311.7900,4272.8100,158.9200,202.9100,
2019-11-18,312.0200,4269.8300,158.5200,203.0700,
2019-11-19,311.9300,4281.9500,159.1100,203.3700,
2019-11-20,310.7700,4254.6900,158.5100,202.1500,
2019-11-21,310.2700,4242.4800,157.7300,201.7000,
2019-11-22,310.9600,4254.3800,158.2200,201.8300,
2019-11-25,313.3700,4310.9900,161.5800,204.2200,
2019-11-26,314.0800,4311.8300,161.6900,204.6100,
2019-11-27,315.4800,4343.3900,162.8300,206.0400,
2019-11-29,314.3100,4321.6000,161.7700,205.1000,
2019-12-02,311.6400,4273.9900,160.1900,203.0000,
2019-12-03,309.5500,4243.6400,159.6800,201.4100,
2019-12-04,311.4600,4269.5300,160.7800,202.4300,
2019-12-05,312.0200,4272.8800,160.9400,202.8300,
2019-12-06,314.8700,4317.7300,162.8200,205.0000,
2019-12-09,313.8800,4295.8200,162.5100,204.0700,
2019-12-10,313.5300,4297.2300,162.6100,203.9000,
2019-12-11,314.4200,4323.7400,162.5600,204.9800,
2019-12-12,317.1300,4378.5000,163.9600,206.5100,
2019-12-13,317.3200,4375.4100,163.3300,207.1900,
2019-12-16,319.5000,4415.6400,163.8800,209.2700,
2019-12-17,319.5700,4415.5100,164.7000,209.3900,
2019-12-18,319.5900,4425.7700,165.0200,209.5500,
2019-12-19,320.9000,4454.7900,165.7300,210.8600,
2019-12-20,320.7300,4483.2900,165.9700,211.7100,
2019-12-23,321.2200,4482.4100,166.3000,211.8100,
2019-12-24,321.2300,4489.2900,166.6800,211.9200,
2019-12-26,322.9400,4496.9100,166.6800,213.7900,
2019-12-27,322.8600,4490.1000,165.8600,213.6100,
2019-12-30,321.0800,4460.8900,165.4400,212.2100,
2019-12-31,321.8600,4472.0800,165.6700,212.6100,
2020-01-02,324.8700,4532.0800,165.7800,216.1600,
2020-01-03,322.4100,4491.7200,165.1300,214.1800,
2020-01-06,323.6400,4496.1700,165.3500,215.5600,
2020-01-07,322.7300,4515.2600,164.8000,215.5300,
2020-01-08,324.4500,4542.4600,165.3100,217.1500,
2020-01-09,326.6500,4574.2600,165.5100,218.9900,
2020-01-10,325.7100,4563.9100,164.8900,218.4300,
2020-01-13,327.9500,4604.2300,165.9600,220.9500,
2020-01-14,327.4500,4605.8300,166.5700,220.0800,
2020-01-15,328.1900,4598.3300,167.3700,220.1700,
2020-01-16,330.9200,4643.9600,169.5300,222.2800,
2020-01-17,331.9500,4651.3500,169.0700,223.3800,
2020-01-21,331.3000,4632.5300,167.6700,223.2800,
2020-01-22,331.3400,4644.6800,167.5600,223.8700,
2020-01-23,331.7200,4662.9800,167.4500,224.5900,
2020-01-24,328.7700,4607.4000,165.3900,222.7000,
2020-01-27,323.5000,4519.5000,163.5100,218.1000,
2020-01-28,326.8900,4578.5900,164.8700,221.4500,
2020-01-29,326.6200,4547.7900,163.9300,221.8100,
2020-01-30,327.6800,4564.4800,163.9300,222.6000,
2020-01-31,321.7300,4473.4000,160.5300,219.0700,
2020-02-03,324.1200,4543.6900,162.3200,222.3800,
2020-02-04,329.0600,4660.2100,164.7700,227.4700,
2020-02-05,332.8600,4681.5100,167.3100,228.2200,
2020-02-06,333.9800,4705.5700,166.9300,230.1900,
2020-02-07,332.2000,4655.2500,164.8800,229.2000,
2020-02-10,334.6800,4693.4100,165.8100,231.9700,
2020-02-11,335.2600,4728.1300,166.9600,232.0100,
2020-02-12,337.4200,4781.8900,168.1100,234.2700,
2020-02-13,337.0600,4779.9400,168.5500,233.9700,
2020-02-14,337.6000,4789.2600,167.9000,234.6400,
2020-02-18,336.7300,4788.4600,167.5400,234.7300,
2020-02-19,338.3400,4840.1100,168.4000,236.9800,
2020-02-20,336.9500,4798.5200,168.8100,234.7800,
2020-02-21,333.4800,4726.4600,167.1000,230.2700,
2020-02-24,322.4200,4562.1700,162.0700,221.3900,
2020-02-25,312.6500,4426.6200,156.3100,215.3700,
2020-02-26,311.5000,4420.5400,154.5000,216.4800,
2020-02-27,297.5100,4237.1200,149.0600,205.6400,
2020-02-28,296.2600,4228.9700,146.3300,205.8000,
2020-03-02,309.0900,4394.9600,151.0300,216.4200,
2020-03-03,300.2400,4274.5600,147.9500,209.4800,
2020-03-04,312.8600,4456.1900,152.1600,218.2200,
2020-03-05,302.4600,4324.5900,147.3200,211.5900,
2020-03-06,297.4600,4256.6100,144.4000,208.0200,
2020-03-09,274.2300,3961.4200,130.3600,193.5700,
2020-03-10,288.4200,4144.4400,134.4300,204.1100,
2020-03-11,274.3600,3960.3100,125.8800,195.2200,
2020-03-12,248.1100,3590.5100,111.9700,177.3200,
2020-03-13,269.3200,3887.4300,119.4700,192.3400,
2020-03-16,239.8500,3424.5700,103.6200,169.3000,
2020-03-17,252.8000,3644.5400,108.3700,182.1400,
2020-03-18,240.0000,3416.4300,99.9700,176.6000,
2020-03-19,240.5100,3471.1700,103.8700,177.6600,
2020-03-20,228.8000,3341.9700,101.4000,170.7000,
2020-03-23,222.9500,3344.3400,99.9000,170.4600,
2020-03-24,243.1500,3641.7200,109.0400,183.6600,
2020-03-25,246.7900,3647.8300,109.9700,182.3000,
2020-03-26,261.2000,3852.1900,116.8100,191.9000,
2020-03-27,253.4200,3697.7200,112.5600,185.3000,
2020-03-30,261.6500,3822.6600,115.0400,192.0400,
2020-03-31,257.7500,3777.5700,114.4600,190.4000,
2020-04-01,246.1500,3608.7000,106.6600,182.3100,
2020-04-02,251.8300,3671.1300,107.6700,186.0100,
2020-04-03,248.1900,3617.3600,104.6200,183.3700,
2020-04-06,264.8600,3897.0800,112.6300,196.4800,
2020-04-07,265.1300,3890.5800,112.9200,196.4000,
2020-04-08,274.0300,3996.8500,118.0700,200.5700,
2020-04-09,278.2000,4013.3400,123.7200,200.8600,
2020-04-13,275.6600,4015.7900,120.3700,203.0300,
2020-04-14,283.7900,4167.7700,122.8100,211.8600,
2020-04-15,277.7600,4102.6300,117.8000,209.4300,
2020-04-16,279.1000,4176.3300,116.9100,213.2500,
2020-04-17,286.6400,4254.1900,122.0600,215.2900,
2020-04-20,281.5900,4199.9900,120.6200,212.7400,
2020-04-21,273.0400,4045.7300,117.7400,204.8900,
2020-04-22,279.1000,4168.2200,119.1700,210.9700,
2020-04-23,279.0800,4145.5500,120.3400,210.5200,
2020-04-24,282.9700,4217.5500,122.4100,213.8400,
2020-04-27,287.0500,4283.5800,127.2600,215.5600,
2020-04-28,285.7300,4232.8200,129.1100,211.5000,
2020-04-29,293.2100,4350.1100,135.4600,219.0000,
2020-04-30,290.4800,4277.3900,130.3100,218.9100,
2020-05-01,282.7900,4150.4100,125.1400,212.7400,
2020-05-04,283.5700,4190.4400,125.6800,215.2200,
2020-05-05,286.1900,4238.3900,126.6500,217.6600,
2020-05-06,284.2500,4261.1100,125.7200,219.0000,
2020-05-07,287.6800,4322.2500,127.4400,221.8200,
2020-05-08,292.4400,4394.9900,132.3600,224.8600,
2020-05-11,292.5000,4411.6000,131.7000,226.8700,
2020-05-12,286.6700,4311.7600,126.9700,222.1200,
2020-05-13,281.6000,4238.2300,122.7200,219.3400,
2020-05-14,284.9700,4298.3300,123.1200,221.8300,
2020-05-15,286.2800,4310.7700,125.0800,223.2700,
2020-05-18,295.0000,4447.4300,132.6800,227.4300,
2020-05-19,291.9700,4428.9600,130.0600,226.8600,
2020-05-20,296.9300,4512.5600,134.0000,231.3900,
2020-05-21,294.8800,4461.4100,134.2400,228.8700,
2020-05-22,295.4400,4481.3000,134.8900,229.6600,
2020-05-26,299.0800,4520.5000,138.7800,229.0400,
2020-05-27,303.5300,4573.0000,143.0900,230.2900,
2020-05-28,302.9700,4563.2000,139.7000,229.9900,
2020-05-29,304.3200,4646.9400,138.9000,233.3600,
2020-06-01,305.5500,4665.3200,140.2300,234.0600,
2020-06-02,308.0800,4703.2800,141.3900,235.6300,
2020-06-03,312.1800,4767.1800,144.8000,236.6900,
2020-06-04,311.3600,4741.3800,144.5900,235.0300,
2020-06-05,319.3400,4851.8000,150.1800,239.6900,
2020-06-08,323.2000,4899.0600,153.0900,241.5500,
2020-06-09,320.7900,4855.7700,150.2600,243.3000,
2020-06-10,319.0000,4864.5900,146.1800,246.2200,
2020-06-11,300.6100,4595.6000,135.0300,234.0200,
2020-06-12,304.2100,4652.9400,138.2700,235.8800,
2020-06-15,307.0500,4715.2800,140.9900,238.7500,
2020-06-16,312.9600,4795.1200,144.3800,242.8500,
2020-06-17,311.6600,4804.9400,141.7700,243.6200,
2020-06-18,311.7800,4819.8600,141.7200,244.2800,
2020-06-19,308.6400,4821.3600,140.9900,244.2400,
2020-06-22,310.6200,4844.2500,142.4000,246.7400,
2020-06-23,312.0500,4858.8400,143.0000,248.8400,
2020-06-24,304.0900,4742.3500,138.3600,243.7100,
2020-06-25,307.3500,4783.6400,140.4500,246.0300,
2020-06-26,300.0500,4707.8600,136.6700,240.2200,
2020-06-29,304.4600,4761.0100,141.1400,242.8400,
2020-06-30,308.3600,4843.2700,143.1800,247.6000,
2020-07-01,310.5200,4864.2300,141.8200,250.4900,
2020-07-02,312.2300,4903.2800,142.4000,252.1900,
2020-07-06,317.0500,4991.9300,143.4300,258.3900,
2020-07-07,313.7800,4950.4900,140.8900,256.6100,
2020-07-08,316.1800,4988.0600,141.9400,259.9900,
2020-07-09,314.3800,4999.7300,139.0700,262.1800,
2020-07-10,317.5900,5023.7800,141.3100,263.9700,
2020-07-13,314.8400,4923.5200,139.5200,258.5400,
2020-07-14,318.9200,4979.2700,141.8300,260.3700,
2020-07-15,321.8500,5031.6600,147.0300,260.9000,
2020-07-16,320.7900,5003.4200,146.1600,259.1200,
2020-07-17,321.7200,5042.1400,146.5900,259.4200,
2020-07-20,324.3200,5121.5200,145.9600,266.7800,
2020-07-21,325.0100,5093.2500,148.0300,264.0000,
2020-07-22,326.8600,5116.8100,148.1100,264.9300,
2020-07-23,322.9600,5036.3700,148.2600,258.0100,
2020-07-24,320.8800,4979.7300,146.0800,255.5600,
2020-07-27,323.2200,5070.6400,147.6000,260.1200,
2020-07-28,321.1700,5014.5600,146.1300,256.8100,
2020-07-29,325.1200,5077.6300,149.3500,259.7700,
2020-07-30,323.9600,5093.5600,148.7600,261.1300,
2020-07-31,326.5200,5102.1800,147.3600,265.7900,
2020-08-03,328.7900,5154.2200,149.7600,269.3800,
2020-08-04,330.0600,5188.7400,150.7900,270.3800,
2020-08-05,332.1100,5190.5600,153.7900,271.0500,
2020-08-06,334.3300,5195.8900,153.7300,274.6400,
2020-08-07,334.5700,5163.9000,156.1700,271.4700,
2020-08-10,335.5700,5142.9000,157.7900,270.3100,
2020-08-11,332.8000,5076.7800,156.8800,265.1900,
2020-08-12,337.4400,5173.4100,157.5200,271.8600,
2020-08-13,336.8300,5172.4800,157.1900,272.4800,
2020-08-14,336.8400,5159.8200,157.0900,272.1600,
2020-08-17,337.9100,5222.7300,157.9000,275.3200,
2020-08-18,338.6400,5232.4700,156.3900,277.9700,
2020-08-19,337.2300,5185.2600,156.4000,276.1000,
2020-08-20,338.2800,5206.2300,155.7600,279.9300,
2020-08-21,339.4800,5210.0000,154.6100,281.8700,
2020-08-24,342.9200,5244.6900,156.2300,283.6300,
2020-08-25,344.1200,5288.2100,156.4000,285.8600,
2020-08-26,347.5700,5343.8700,155.4200,291.9600,
2020-08-27,348.3300,5330.0300,155.8000,291.0500,
2020-08-28,350.5800,5378.8900,157.1200,292.5300,
2020-08-31,349.3100,5395.0100,155.4300,294.8800,
2020-09-01,352.6000,5465.1800,157.2100,299.9200,
2020-09-02,357.7000,5551.5100,158.4600,302.7600,
2020-09-03,345.3900,5313.5100,153.7800,287.4100,
2020-09-04,342.5700,5252.3300,152.8000,283.5800,
2020-09-08,333.2100,5058.8800,149.8600,269.9500,
2020-09-09,339.7900,5166.2900,152.1300,277.8800,
2020-09-10,333.8900,5079.8000,150.1500,272.3400,
2020-09-11,334.0600,5067.5500,149.1500,270.4500,
2020-09-14,338.4600,5175.0600,153.0800,275.1600,
2020-09-15,340.1700,5233.4200,153.3700,279.0600,
2020-09-16,338.8200,5194.3200,154.8200,274.6100,
2020-09-17,335.8400,5136.0000,153.6900,270.3200,
2020-09-18,330.6500,5088.7800,153.2900,266.8700,
2020-09-21,326.9700,5062.7600,147.9200,267.5100,
2020-09-22,330.3000,5134.3600,149.0600,272.4800,
2020-09-23,322.6400,5027.5500,144.0700,264.1600,
2020-09-24,323.5000,5035.8600,144.0700,265.3900,
2020-09-25,328.7300,5136.9600,146.4100,271.5600,
2020-09-28,334.1900,5240.5800,150.0200,277.2000,
2020-09-29,332.3700,5213.5900,149.3400,275.9500,
2020-09-30,334.8900,5242.5800,149.7900,277.8400,
2020-10-01,337.0400,5311.6800,152.1800,282.2500,
2020-10-02,333.8400,5197.2900,152.8500,274.3100,
2020-10-05,339.7600,5301.8500,157.0700,280.1600,
2020-10-06,334.9300,5234.7300,156.6200,275.1600,
2020-10-07,340.7600,5336.1600,160.0400,279.9200,
2020-10-08,343.7800,5377.7900,161.8600,281.4100,
2020-10-09,346.8500,5445.8100,162.7000,285.7100,
2020-10-12,352.4300,5553.7200,163.7900,294.5300,
2020-10-13,350.1300,5557.3700,162.7000,294.5200,
2020-10-14,347.9300,5511.6400,161.0900,292.0600,
2020-10-15,347.5000,5478.0100,162.7500,290.1000,
2020-10-16,347.2900,5479.4400,162.3500,288.5100,
2020-10-19,342.0100,5398.2900,160.4100,283.8000,
2020-10-20,343.3800,5410.8700,160.7600,284.4100,
2020-10-21,342.7300,5386.5100,159.3800,284.1900,
2020-10-22,344.6100,5415.9400,162.1300,284.1800,
2020-10-23,345.7800,5433.1700,163.0700,284.7400,
2020-10-26,339.3900,5335.2400,159.5500,280.4700,
2020-10-27,338.2200,5332.0900,158.1800,282.6600,
2020-10-28,326.6600,5163.8500,153.3100,271.6400,
2020-10-29,329.9800,5229.3200,155.1400,276.3900,
2020-10-30,326.5400,5130.7700,153.0900,269.3800,
2020-11-02,330.2000,5173.0400,155.8200,269.9800,
2020-11-03,336.0300,5276.1600,160.2400,274.6500,
2020-11-04,343.5400,5468.4700,160.4200,286.9100,
2020-11-05,350.2400,5585.3700,164.9100,294.3900,
2020-11-06,350.1600,5603.7700,163.6200,294.6100,
2020-11-09,354.5600,5559.6200,169.5500,288.5900,
2020-11-10,354.0400,5483.1100,172.7000,283.4200,
2020-11-11,356.6700,5584.6800,172.6300,289.7600,
2020-11-12,353.2100,5551.5900,169.9800,288.4000,
2020-11-13,358.1000,5645.5600,173.5000,290.9300,
2020-11-16,362.5700,5692.8900,177.6300,293.2000,
2020-11-17,360.6200,5658.7500,178.4600,292.2700,
2020-11-18,356.2800,5604.3300,175.9600,290.1100,
2020-11-19,357.7800,5657.7700,177.3100,292.3800,
2020-11-20,355.3300,5646.0200,177.5000,290.3800,
2020-11-23,357.4600,5676.8100,180.8200,290.3900,
2020-11-24,363.2200,5738.5200,184.2200,294.4700,
2020-11-25,362.6600,5742.6600,183.5900,296.2800,
2020-11-27,363.6700,5816.3400,184.3700,299.0100,
2020-11-30,362.0600,5839.1400,181.0200,299.6200,
2020-12-01,366.0200,5889.6900,182.7000,303.4600,
2020-12-02,366.7900,5896.4400,182.8900,303.8500,
2020-12-03,366.6900,5919.3900,183.9200,304.2800,
2020-12-04,369.8500,5981.0700,188.2000,305.5200,
2020-12-07,369.0900,5983.8900,188.3800,307.2500,
2020-12-08,370.1700,6013.5600,190.8000,308.2900,
2020-12-09,366.8500,5901.3000,189.4100,301.3100,
2020-12-10,366.7300,5918.0200,191.2400,302.5200,
2020-12-11,366.3000,5900.6000,190.3000,301.8500,
2020-12-14,364.6600,5953.7300,189.9300,304.0400,
2020-12-15,369.5900,6016.3700,194.6800,307.2900,
2020-12-16,370.1700,6037.6800,193.9800,308.9800,
2020-12-17,372.2400,6095.1700,196.2900,311.0000,
2020-12-18,369.1800,6104.2100,195.3400,310.0600,
2020-12-21,367.8600,6064.8700,195.2400,308.9200,
2020-12-22,367.2400,6070.2600,197.4600,309.7600,
2020-12-23,367.5700,6046.7300,199.1400,308.2000,
2020-12-24,369.0000,6067.9800,199.0100,309.5600,
2020-12-28,372.1700,6057.4900,198.2700,312.6800,
2020-12-29,371.4600,6061.3000,194.4300,312.9600,
2020-12-30,371.9900,6099.6600,196.4100,312.9700,
2020-12-31,373.8800,6121.2400,196.0600,313.7400,
2021-01-04,368.7900,6035.8600,193.5000,309.3100,
2021-01-05,371.3300,6096.8200,196.4900,311.8600,
2021-01-06,373.5500,6069.2000,204.5300,307.5400,
2021-01-07,379.1000,6195.5300,208.1700,314.9800,
2021-01-08,381.2600,6263.0000,207.7200,319.0300,
2021-01-11,378.6900,6215.1000,207.5400,314.4200,
2021-01-12,378.7700,6220.8800,211.2600,313.9200,
2021-01-13,379.7900,6220.8000,209.7500,316.0400,
2021-01-14,378.4600,6227.8800,213.9400,314.3500,
2021-01-15,375.7000,6187.0100,210.7500,311.8600,
2021-01-19,378.6500,6271.8100,213.4500,316.4100,
2021-01-20,383.8900,6343.1400,214.3900,323.7700,
2021-01-21,384.2400,6348.4700,212.5300,326.3600,
2021-01-22,382.8800,6308.5900,215.0000,325.4200,
2021-01-25,384.3900,6344.0200,214.7900,328.1100,
2021-01-26,383.7900,6311.7100,213.3000,328.5900,
2021-01-27,374.4100,6115.8900,209.3900,319.4300,
2021-01-28,377.6300,6194.3200,208.7200,321.3200,
2021-01-29,370.0700,6105.1400,205.5600,314.5600,
2021-02-01,376.2300,6229.9400,210.6100,322.4200,
2021-02-02,381.5500,6335.4700,213.6100,327.6800,
2021-02-03,381.8500,6262.1100,214.2500,326.3800,
2021-02-04,386.1900,6362.6800,218.6200,330.2400,
2021-02-05,387.7100,6401.1700,221.6500,331.3600,
2021-02-08,390.5100,6453.0700,227.3100,333.5800,
2021-02-09,390.2500,6466.5700,228.3800,333.5100,
2021-02-10,390.0800,6478.0500,226.8800,332.7500,
2021-02-11,390.7100,6538.9000,226.6200,334.5800,
2021-02-12,392.6400,6586.6500,227.2600,336.4500,
2021-02-16,392.3000,6564.1700,225.8300,335.5400,
2021-02-17,392.3900,6524.3600,224.0600,333.9300,
2021-02-18,390.7200,6499.1400,220.5900,332.4700,
2021-02-19,390.0300,6523.2000,225.1900,331.0200,
2021-02-22,387.0300,6370.1400,223.7300,322.4400,
2021-02-23,387.5000,6343.9300,221.7600,321.4800,
2021-02-24,391.7700,6387.8400,227.0000,324.1300,
2021-02-25,382.3300,6161.8200,218.6100,312.8300,
2021-02-26,380.3600,6190.0600,218.3100,314.1400,
2021-03-01,389.5800,6349.7000,226.0700,323.5900,
2021-03-02,386.5400,6249.1700,221.7200,318.4000,
2021-03-03,381.4200,6071.3300,219.3200,309.1600,
2021-03-04,376.7000,5932.8500,213.1900,304.1000,
2021-03-05,383.6300,6050.8400,217.7100,308.6800,
2021-03-08,381.7200,5905.4500,218.7400,299.9400,
2021-03-09,387.1700,6114.1600,223.3400,311.7700,
2021-03-10,389.5800,6089.2300,227.2200,310.8800,
2021-03-11,393.5300,6233.9100,232.2200,318.0400,
2021-03-12,394.0600,6188.4600,233.5900,315.4600,
2021-03-15,396.4100,6279.7400,234.4200,318.8300,
2021-03-16,395.9100,6295.4800,230.5000,320.5800,
2021-03-17,397.2600,6308.8400,232.3100,321.9000,
2021-03-18,391.4800,6131.1400,225.2400,312.0400,
2021-03-19,389.4800,6173.3500,226.9400,313.1400,
2021-03-22,392.5900,6268.1100,225.2300,318.6100,
2021-03-23,389.5000,6199.1300,217.0600,317.2200,
2021-03-24,387.5200,6098.1800,212.0400,311.8700,
2021-03-25,389.7000,6104.3800,216.6600,311.3300,
2021-03-26,395.9800,6245.1500,220.6100,316.0000,
2021-03-29,395.7800,6213.2300,214.4000,315.9100,
2021-03-30,394.7300,6183.0600,218.0100,314.3200,
2021-03-31,396.3300,6265.1600,220.9400,319.1300,
2021-04-01,400.6100,6381.9400,223.7400,324.5700,
2021-04-05,406.3600,6462.6500,224.9700,331.0500,
2021-04-06,406.1200,6458.0500,224.3100,330.8200,
2021-04-07,406.5900,6424.8600,220.6900,331.6200,
2021-04-08,408.5200,6489.0400,222.5600,335.0800,
2021-04-09,411.4900,6498.9600,222.5900,337.1100,
2021-04-12,411.6400,6483.8300,221.7200,336.6700,
2021-04-13,412.8600,6535.0200,221.1400,340.6000,
2021-04-14,411.4500,6489.3500,223.3200,336.5100,
2021-04-15,415.8700,6585.0800,224.2900,341.6100,
2021-04-16,417.2600,6587.3100,224.6500,342.0100,
2021-04-19,415.2100,6509.7400,221.7300,338.8800,
2021-04-20,412.1700,6463.6900,217.1900,336.4100,
2021-04-21,416.0700,6549.4500,222.5000,339.2900,
2021-04-22,412.2700,6497.3300,221.5800,335.2000,
2021-04-23,416.7400,6578.4500,225.7600,339.4200,
2021-04-26,417.6100,6615.9100,228.1100,341.6300,
2021-04-27,417.5200,6587.3500,228.4500,340.1500,
2021-04-28,417.4000,6555.7400,228.8400,339.0000,
2021-04-29,420.0600,6567.3800,227.9900,340.2200,
2021-04-30,417.3000,6493.1300,224.8900,337.9900,
2021-05-03,418.2000,6476.8600,225.9900,336.1900,
2021-05-04,415.6200,6376.6600,223.2900,330.1400,
2021-05-05,415.7500,6346.0200,222.4000,329.0300,
2021-05-06,419.0700,6372.9800,222.5900,331.5100,
2021-05-07,422.1200,6433.0400,225.3900,334.2000,
2021-05-10,417.9400,6294.8000,219.6600,325.7600,
2021-05-11,414.2100,6303.6000,218.9600,325.3100,
2021-05-12,405.4100,6147.9200,211.8500,316.8900,
2021-05-13,410.2800,6188.9900,215.7500,319.3400,
2021-05-14,416.5800,6264.3500,221.0200,326.3900,
2021-05-17,415.5200,6264.3500,221.3200,324.4100,
2021-05-18,411.9400,6244.8600,219.6400,322.2200,
2021-05-19,410.8600,6270.3100,217.9500,322.5900,
2021-05-20,415.2800,6398.9200,219.4000,328.8300,
2021-05-21,414.9400,6372.0600,219.9700,327.0100,
2021-05-24,419.1700,6444.8400,221.4000,332.5100,
2021-05-25,418.2400,6445.2000,219.2600,332.9700,
2021-05-26,419.0700,6467.0300,223.3500,334.1300,
2021-05-27,419.2900,6451.8200,225.6500,332.8800,
2021-05-28,420.0400,6480.4800,225.5000,333.9300,
2021-06-01,419.6700,6461.4900,228.0600,332.8200,
2021-06-02,420.3300,6465.7100,228.3300,333.4700,
2021-06-03,418.7700,6406.2100,226.4200,330.0000,
2021-06-04,422.6000,6512.6800,227.4000,335.6000,
2021-06-07,422.1900,6533.3100,230.4500,336.6000,
2021-06-08,422.2800,6530.4300,232.8900,336.7600,
2021-06-09,421.6500,6525.9000,231.3400,336.8400,
2021-06-10,423.6100,6599.4700,229.2800,340.3500,
2021-06-11,424.3100,6614.5200,231.7000,341.2400,
2021-06-14,425.2600,6645.1800,231.0200,344.5100,
2021-06-15,424.4800,6594.6800,230.3600,342.2600,
2021-06-16,422.1100,6556.4000,229.8700,341.0100,
2021-06-17,421.9700,6620.0900,227.2900,345.3400,
2021-06-18,414.9200,6560.8200,222.1300,342.6300,
2021-06-21,420.8600,6607.1900,226.8800,344.3600,
2021-06-22,423.1100,6654.1800,227.9100,347.5700,
2021-06-23,422.6000,6644.8800,228.6600,347.7400,
2021-06-24,425.1000,6709.9100,231.8900,349.8900,
2021-06-25,426.6100,6731.8300,232.2800,349.4600,
2021-06-28,427.4700,6791.8300,230.4400,353.7100,
2021-06-29,427.7000,6819.8200,229.3400,354.9900,
2021-06-30,428.0600,6808.2900,229.3700,354.4300,
2021-07-01,430.4300,6789.4200,231.3900,354.5700,
2021-07-02,433.7200,6827.4800,229.1900,358.6400,
2021-07-06,432.9300,6805.9100,225.8600,360.1900,
2021-07-07,434.4600,6794.1100,223.7600,360.9500,
2021-07-08,430.9200,6738.7000,221.7000,358.7700,
2021-07-09,435.5200,6801.1500,226.3800,361.0100,
2021-07-12,437.0800,6807.4600,226.5700,362.4200,
2021-07-13,435.5900,6797.0600,222.3000,362.4200,
2021-07-14,436.2400,6785.6100,218.8700,363.0700,
2021-07-15,434.7500,6756.6000,217.6300,360.5200,
2021-07-16,431.3400,6718.7600,214.9500,357.6000,
2021-07-19,424.9700,6671.4600,211.7300,354.6700,
2021-07-20,431.0600,6763.1800,218.3000,358.7900,
2021-07-21,434.5500,6826.7000,222.0600,361.5600,
2021-07-22,435.4600,6847.8400,218.5300,363.9500,
2021-07-23,439.9400,6906.9400,219.5500,368.2000,
2021-07-26,441.0200,6868.0500,220.1900,368.4900,
2021-07-27,439.0100,6810.2000,217.6200,364.4300,
2021-07-28,438.8300,6870.8800,220.8200,365.8300,
2021-07-29,440.6500,6913.1000,222.5200,366.4800,
2021-07-30,438.5100,6933.1300,221.0500,364.5700,
2021-08-02,437.5900,6929.7200,219.9500,364.6000,
2021-08-03,441.1500,6963.0200,220.8600,366.8100,
2021-08-04,438.9800,6972.4600,218.1100,367.3400,
2021-08-05,441.7600,7013.8600,222.0300,369.6700,
2021-08-06,442.4900,6977.3800,223.3900,368.0500,
2021-08-09,442.1300,6994.0900,222.1600,368.7300,
2021-08-10,442.6800,6954.4100,222.6000,366.8400,
2021-08-11,443.7800,6950.6600,223.6900,366.2100,
2021-08-12,445.1100,6935.6600,223.1600,367.5300,
2021-08-13,445.9200,6953.3200,221.1300,368.8200,
2021-08-16,446.9700,6935.3600,219.0700,368.9800,
2021-08-17,444.0400,6895.3800,216.4000,365.7300,
2021-08-18,439.1800,6845.2000,214.5100,362.2100,
2021-08-19,439.8600,6865.0500,211.9400,363.9600,
2021-08-20,443.3600,6914.4500,215.5200,367.7300,
2021-08-23,447.2600,7006.3400,219.6200,373.2300,
2021-08-24,447.9700,7053.9800,221.7800,374.3700,
2021-08-25,448.9100,7074.8600,222.5600,374.8000,
2021-08-26,446.2600,7027.2300,220.2000,372.4200,
2021-08-27,450.2500,7082.4300,226.4100,376.0400,
2021-08-30,452.2300,7109.6400,225.4800,380.2600,
2021-08-31,451.5600,7099.2500,225.9200,379.9500,
2021-09-01,451.8000,7112.7100,227.4400,380.5800,
2021-09-02,453.1900,7129.4500,229.0200,380.4000,
2021-09-03,453.0800,7139.0400,227.9600,381.5700,
2021-09-07,451.4600,7106.8000,226.3900,382.1100,
2021-09-08,450.9100,7090.3700,223.9200,380.7800,
2021-09-09,448.9800,7081.7900,223.8100,379.4700,
2021-09-10,445.4400,7061.1500,221.6200,376.5900,
2021-09-13,446.5800,7039.3700,222.8800,376.3300,
2021-09-14,444.1700,7005.5500,220.0400,375.2600,
2021-09-15,447.8800,7053.1500,222.0300,378.0500,
2021-09-16,447.1700,7073.8500,222.1900,378.3100,
2021-09-17,441.4000,7011.6700,222.4800,373.8300,
2021-09-20,434.0400,6882.7500,217.1900,365.7000,
2021-09-21,433.6300,6879.4000,217.5200,366.1500,
2021-09-22,437.8600,6942.2300,220.9000,369.5700,
2021-09-23,443.1800,7007.7200,224.8100,372.9800,
2021-09-24,443.9100,6996.8700,223.0500,373.3300,
2021-09-27,442.6400,6952.7700,226.4400,370.3500,
2021-09-28,433.7200,6778.3000,221.2900,359.8700,
2021-09-29,434.4500,6771.2700,220.8200,359.2800,
2021-09-30,429.1400,6751.1700,218.7500,357.9600,
2021-10-01,434.2400,6771.7300,222.2800,360.1800,
2021-10-04,428.6400,6648.1500,220.2600,352.6200,
2021-10-05,433.1000,6721.9600,221.0200,357.3800,
2021-10-06,434.9000,6752.8700,219.8700,359.6700,
2021-10-07,438.6600,6829.2400,223.2600,362.9700,
2021-10-08,437.8600,6790.6600,221.5800,361.1600,
2021-10-11,434.6900,6735.0000,220.3100,358.3900,
2021-10-12,433.6200,6731.1300,221.5200,357.1400,
2021-10-13,435.1800,6795.0700,222.5700,360.0000,
2021-10-14,442.5000,6907.9700,225.8700,366.6300,
2021-10-15,445.8700,6924.5600,225.1600,368.9400,
2021-10-18,447.1900,6965.0200,225.0300,372.6500,
2021-10-19,450.6400,7019.1500,225.8700,375.4700,
2021-10-20,452.4100,7036.1600,227.3700,374.9800,
2021-10-21,453.5900,7085.0900,227.9500,377.2700,
2021-10-22,453.1200,7065.2200,227.4100,374.1000,
2021-10-25,455.5500,7109.1800,229.5700,377.9300,
2021-10-26,455.9600,7090.4200,227.8400,379.1200,
2021-10-27,453.9400,7016.2300,223.6500,380.0000,
2021-10-28,458.3200,7084.1800,228.1100,384.2200,
2021-10-29,459.2500,7116.3000,228.0500,386.1100,
2021-11-01,460.0400,7177.2200,233.9600,387.4300,
2021-11-02,461.9000,7190.6100,234.4500,389.0500,
2021-11-03,464.7200,7249.4400,238.6400,393.1800,
2021-11-04,466.9100,7304.5600,238.5500,398.2200,
2021-11-05,468.5300,7293.2500,241.8100,398.6000,
2021-11-08,468.9300,7296.9900,242.5600,398.0600,
2021-11-09,467.3800,7286.4800,241.1500,395.3200,
2021-11-10,463.6200,7191.1600,237.3500,389.5100,
2021-11-11,463.7700,7230.7700,239.2600,390.5900,
2021-11-12,467.2700,7295.3000,239.5000,394.7000,
2021-11-15,467.4300,7285.4300,238.5500,394.6100,
2021-11-16,469.2800,7339.5100,238.9900,397.4200,
2021-11-17,468.1400,7306.5000,235.8600,397.6300,
2021-11-18,469.7300,7306.5200,234.8600,401.7500,
2021-11-19,468.8900,7289.7900,232.7200,403.9900,
2021-11-22,467.5700,7185.6000,231.7300,399.3000,
2021-11-23,468.1900,7169.7000,231.3300,397.4800,
2021-11-24,469.4400,7185.9700,231.5800,398.7600,
2021-11-26,458.9700,7057.9500,222.8500,391.2000,
2021-11-29,464.6000,7168.9600,222.7100,399.6900,
2021-11-30,455.5600,6990.6100,218.1700,393.8200,
2021-12-01,450.5000,6877.1000,213.2600,387.1200,
2021-12-02,457.4000,6974.2000,219.2100,389.9100,
2021-12-03,453.4200,6871.0400,214.7100,383.1300,
2021-12-06,458.7900,6935.2800,219.0200,386.2000,
2021-12-07,468.2800,7114.2400,224.1000,397.8300,
2021-12-08,469.5200,7137.2100,225.6300,399.6100,
2021-12-09,466.3500,7033.3100,220.5200,393.7300,
2021-12-10,470.7400,7082.0700,219.9100,398.0100,
2021-12-13,466.5700,7016.2900,216.0400,392.2600,
2021-12-14,463.3600,6957.4400,214.1800,388.2000,
2021-12-15,470.6000,7085.3600,217.5800,397.0500,
2021-12-16,466.4500,6963.0600,213.1800,386.8400,
2021-12-17,459.8700,6957.1200,215.1400,384.9100,
2021-12-20,454.9800,6874.1500,212.1200,380.6900,
2021-12-21,463.0600,7049.5900,218.1800,389.2100,
2021-12-22,467.6900,7107.0100,220.2800,393.9500,
2021-12-23,470.6000,7154.8700,222.0400,396.9200,
2021-12-27,477.2600,7237.2200,224.1200,403.4800,
2021-12-28,476.8700,7199.5600,222.7500,401.6100,
2021-12-29,477.4800,7217.6900,222.9900,401.5500,
2021-12-30,476.1600,7230.8200,222.9300,400.3500,
2021-12-31,474.9600,7192.4900,222.4500,397.8500,
2022-01-03,477.7100,7187.9200,225.3200,401.6800,
2022-01-04,477.5500,7094.7700,224.9800,396.4700,
2022-01-05,468.3800,6893.0100,217.3600,384.2900,
2022-01-06,467.9400,6928.5400,218.6000,384.0200,
2022-01-07,466.0900,6849.1500,216.0700,379.8600,
2022-01-10,465.5100,6845.8200,215.3200,380.1100,
2022-01-11,469.7500,6973.8100,217.6100,385.8200,
2022-01-12,471.0200,6970.7900,215.9900,387.3500,
2022-01-13,464.5300,6810.4700,214.0100,377.6600,
2022-01-14,464.7200,6839.5200,214.3100,380.0100,
2022-01-18,456.4900,6677.1900,207.8300,370.5500,
2022-01-19,451.7500,6636.8700,204.4500,366.4800,
2022-01-20,446.7500,6560.8800,200.7500,361.7200,
2022-01-21,437.9800,6414.7300,196.9900,351.6900,
2022-01-24,439.8400,6464.6600,201.5300,353.3000,
2022-01-25,434.4700,6294.7500,198.8400,345.1100,
2022-01-26,433.3800,6246.8300,195.9700,344.5700,
2022-01-27,431.2400,6160.0200,191.5200,341.1000,
2022-01-28,441.9500,6326.3200,195.2500,351.8000,
2022-01-31,449.9100,6550.3000,201.2400,363.0500,
2022-02-01,452.9500,6596.0300,203.3600,365.5200,
2022-02-02,457.3500,6612.2200,201.3400,368.4900,
2022-02-03,446.6000,6424.5500,197.5300,353.5500,
2022-02-04,448.7000,6468.9900,198.3800,358.0100,
2022-02-07,447.2600,6444.0600,199.3600,355.1300,
2022-02-08,450.9400,6529.0800,202.7600,359.1200,
2022-02-09,457.5400,6688.5500,206.6100,366.7300,
2022-02-10,449.3200,6550.9100,203.4400,358.4300,
2022-02-11,440.4600,6365.5600,201.3800,347.0600,
2022-02-14,439.0200,6355.7300,200.6800,347.4900,
2022-02-15,446.1000,6516.0800,206.0600,356.1300,
2022-02-16,446.6000,6499.1700,206.4900,356.0400,
2022-02-17,437.0600,6313.9600,201.2000,345.4500,
2022-02-18,434.2300,6238.7300,199.4700,341.5100,
2022-02-22,429.5700,6194.8500,196.6600,338.0800,
2022-02-23,421.9500,6056.2800,192.9800,329.4200,
2022-02-24,428.3000,6237.9500,198.0400,340.4900,
2022-02-25,437.7500,6340.4800,202.5000,345.7700,
2022-02-28,436.6300,6347.3600,203.3200,346.8000,
2022-03-01,429.9800,6259.1200,199.4900,341.4900,
2022-03-02,437.8900,6357.2700,204.2400,347.2200,
2022-03-03,435.7100,6266.0600,201.8200,342.2600,
2022-03-04,432.1700,6180.5700,198.6600,337.3000,
2022-03-07,419.4300,5965.9500,193.7200,324.8600,
2022-03-08,416.2500,5936.6700,194.7900,323.3500,
2022-03-09,427.4100,6128.5900,200.2800,334.9900,
2022-03-10,425.4800,6041.9800,199.9200,331.2700,
2022-03-11,420.0700,5901.9500,196.7300,324.4000,
2022-03-14,417.0000,5797.8700,192.7100,318.1700,
2022-03-15,426.1700,5945.9300,195.7800,328.1500,
2022-03-16,435.6200,6210.0500,201.9400,340.3200,
2022-03-17,441.0700,6281.0200,205.1100,344.4400,
2022-03-18,444.5200,6403.8900,207.2700,351.4900,
2022-03-21,444.3900,6347.3500,205.4400,350.0800,
2022-03-22,449.5900,6471.7300,207.5000,356.9600,
2022-03-23,443.8000,6358.2300,203.9000,351.8300,
2022-03-24,450.4900,6473.7800,205.8400,359.6500,
2022-03-25,452.6900,6448.4100,206.1200,359.3500,
2022-03-28,455.9100,6539.6700,206.1900,364.9100,
2022-03-29,461.5500,6677.8400,211.7100,371.1900,
2022-03-30,458.7000,6599.5100,207.4600,367.0900,
2022-03-31,451.6400,6513.4600,205.2700,362.5400,
2022-04-01,452.9200,6538.4000,207.5700,361.8500,
2022-04-04,456.8000,6640.7500,207.9100,369.3000,
2022-04-05,451.0300,6493.8200,202.9900,361.1000,
2022-04-06,446.5200,6402.6500,200.1100,353.2600,
2022-04-07,448.7700,6420.3500,199.4600,354.1000,
2022-04-08,447.5700,6361.6200,197.8700,349.1500,
2022-04-11,439.9200,6267.8000,196.5400,340.8900,
2022-04-12,438.2900,6236.6100,197.1600,339.4500,
2022-04-13,443.3100,6376.9900,200.9100,346.3500,
2022-04-14,437.7900,6255.9500,198.9600,338.4300,
2022-04-18,437.9700,6224.3900,197.6200,338.6900,
2022-04-19,445.0400,6366.2600,201.5600,346.2600,
2022-04-20,444.7100,6295.4700,202.3300,341.2100,
2022-04-21,438.0600,6149.9200,197.8000,334.1500,
2022-04-22,426.0400,5993.3700,192.6800,325.4000,
2022-04-25,428.5100,6081.2900,193.8500,329.5800,
2022-04-26,416.1000,5889.6600,187.7400,317.1400,
2022-04-27,417.2700,5887.6700,186.9600,316.7600,
2022-04-28,427.8100,6045.8700,190.4500,328.0100,
2022-04-29,412.0000,5829.7800,184.9500,313.2500,
2022-05-02,414.4800,5907.5200,186.8900,318.4800,
2022-05-03,416.3800,5901.7200,188.4900,318.8200,
2022-05-04,429.0600,6071.8800,193.5200,329.6000,
2022-05-05,413.8100,5786.0000,185.6700,313.0000,
2022-05-06,411.3400,5664.1500,182.5800,309.2500,
2022-05-09,398.1700,5425.9900,174.9000,297.1500,
2022-05-10,399.0900,5476.1400,174.9500,300.7600,
2022-05-11,392.7500,5347.7900,170.6000,291.8400,
2022-05-12,392.3400,5386.2900,172.6000,291.1500,
2022-05-13,401.7200,5602.6800,178.0700,301.9400,
2022-05-16,400.0900,5534.7400,177.2200,298.4400,
2022-05-17,408.3200,5661.4300,182.6400,306.1700,
2022-05-18,391.8600,5398.9400,176.2400,291.1400,
2022-05-19,389.4600,5449.3900,176.5300,289.5800,
2022-05-20,389.6300,5445.6800,176.0800,288.6800,
2022-05-23,396.9200,5499.5000,178.2100,293.4800,
2022-05-24,393.8900,5397.4800,175.5700,287.2400,
2022-05-25,397.3700,5491.0900,178.7300,291.2600,
2022-05-26,405.3100,5651.4900,182.7200,299.3300,
2022-05-27,415.2600,5825.5100,187.6400,309.1000,
2022-05-31,412.9300,5765.0800,185.3100,308.2800,
2022-06-01,409.5900,5703.7300,184.2600,306.0000,
2022-06-02,417.3900,5869.5000,188.7600,314.3800,
2022-06-03,410.5400,5757.6100,187.0600,306.2000,
2022-06-06,411.7900,5777.0100,187.8700,307.2200,
2022-06-07,415.7400,5847.8700,190.9000,309.8700,
2022-06-08,411.2200,5812.9900,187.9500,307.6400,
2022-06-09,401.4400,5646.6700,183.5700,299.4000,
2022-06-10,389.8000,5473.0000,178.5900,288.8400,
2022-06-13,375.0000,5212.4100,170.2000,275.4100,
2022-06-14,373.8700,5226.2400,169.3800,275.9100,
2022-06-15,379.2000,5331.1700,171.8600,282.8000,
2022-06-16,366.6500,5117.5500,163.9000,271.3900,
2022-06-17,365.8600,5191.4700,165.1800,274.6900,
2022-06-21,375.0700,5299.0800,168.1400,281.0800,
2022-06-22,374.3900,5295.5900,167.8200,280.6700,
2022-06-23,378.0600,5399.8100,169.8300,284.8500,
2022-06-24,390.0800,5587.8700,175.0900,294.6100,
2022-06-27,388.5900,5543.8100,175.7400,292.4500,
2022-06-28,380.6500,5384.8300,172.4400,283.5400,
2022-06-29,380.3400,5376.4400,170.6900,283.8000,
2022-06-30,377.2500,5310.7900,169.3600,280.2800,
2022-07-01,381.2400,5369.1700,171.4100,282.1300,
2022-07-05,381.9600,5441.5000,172.8300,286.9600,
2022-07-06,383.2500,5450.7400,171.5500,288.8000,
2022-07-07,388.9900,5567.9200,175.6100,294.9800,
2022-07-08,388.6700,5564.4800,175.5900,295.3500,
2022-07-11,384.2300,5446.7100,172.0600,289.0400,
2022-07-12,380.8300,5396.9500,171.4700,286.2400,
2022-07-13,378.8300,5386.6400,171.3200,285.6500,
2022-07-14,377.9100,5374.4200,169.5600,286.6700,
2022-07-15,385.1300,5481.7500,173.0900,291.8700,
2022-07-18,381.9500,5444.8500,172.6000,289.4000,
2022-07-19,392.2700,5613.3400,178.6900,298.3000,
2022-07-20,394.7700,5711.6100,181.4900,303.0300,
2022-07-21,398.7900,5789.6000,182.4200,307.3800,
2022-07-22,395.0900,5697.3000,179.5100,301.9900,
2022-07-25,395.5700,5669.0200,180.4400,300.2700,
2022-07-26,390.8900,5571.8300,179.3300,294.3700,
2022-07-27,401.0400,5750.2100,183.4100,306.8100,
2022-07-28,406.0700,5826.9700,185.9300,309.8100,
2022-07-29,411.9900,5872.8700,187.2500,315.4600,
2022-08-01,410.7700,5879.9100,187.1800,315.2700,
2022-08-02,408.0600,5884.0500,187.0000,314.3300,
2022-08-03,414.4500,6023.9600,189.7500,322.8900,
2022-08-04,414.1700,6043.4800,189.3500,324.4000,
2022-08-05,413.4700,6031.2100,190.8000,321.7500,
2022-08-08,412.9900,6033.1300,192.8200,320.7100,
2022-08-09,411.3500,5922.9300,190.1900,317.0800,
2022-08-10,419.9900,6090.3100,195.6200,325.9300,
2022-08-11,419.9900,6056.9900,196.3500,324.0800,
2022-08-12,427.1000,6164.0900,200.3600,330.3900,
2022-08-15,428.8600,6215.3600,201.0700,333.0600,
2022-08-16,429.7000,6187.4600,200.9900,332.2800,
2022-08-17,426.6500,6078.0200,197.6100,328.4900,
2022-08-18,427.8900,6084.1300,198.9200,329.2800,
2022-08-19,422.1400,5960.4600,194.6500,322.8600,
2022-08-22,413.3500,5811.7000,190.6400,314.3600,
2022-08-23,412.3500,5804.5900,190.9500,314.1000,
2022-08-24,413.6700,5841.2400,192.4100,315.0100,
2022-08-25,419.5100,5944.5300,195.4000,320.5800,
2022-08-26,405.3100,5717.4000,188.9800,307.4400,
2022-08-29,402.6300,5675.4300,187.2400,304.4100,
2022-08-30,398.2100,5617.9800,184.6200,301.0200,
2022-08-31,395.1800,5598.1300,183.5000,299.2700,
2022-09-01,396.4200,5570.5600,181.5000,299.4000,
2022-09-02,392.2400,5504.9500,180.0900,295.1700,
2022-09-06,390.7600,5466.5200,178.3100,293.0500,
2022-09-07,397.7800,5592.5200,182.1900,298.9700,
2022-09-08,400.3800,5654.1500,183.7100,300.5200,
2022-09-09,406.6000,5782.2000,187.4000,307.0900,
2022-09-12,410.9700,5838.1600,189.6700,310.7400,
2022-09-13,393.1000,5547.7900,182.2500,293.7000,
2022-09-14,394.6000,5584.5500,182.9600,296.0300,
2022-09-15,390.1200,5511.9000,181.6300,291.1000,
2022-09-16,385.5600,5465.1000,178.9900,289.3200,
2022-09-19,388.5500,5490.6800,180.5200,291.0500,
2022-09-20,384.0900,5423.6900,178.0600,288.7300,
2022-09-21,377.3900,5332.6600,175.3400,283.5600,
2022-09-22,374.2200,5235.9000,171.3900,280.0700,
2022-09-23,367.9500,5166.8900,167.3100,275.5100,
2022-09-26,364.3100,5120.5600,164.1700,274.3700,
2022-09-27,363.3800,5135.0400,164.7300,274.4800,
2022-09-28,370.5300,5275.0600,169.9400,279.9400,
2022-09-29,362.7900,5156.3000,166.1300,271.8700,
2022-09-30,357.1800,5084.1300,164.9200,267.2600,
2022-10-03,366.6100,5218.8200,169.2900,273.5300,
2022-10-04,377.9700,5397.8200,176.0000,282.1300,
2022-10-05,377.0900,5401.7700,174.7000,281.9800,
2022-10-06,373.2000,5351.4600,173.7200,279.7600,
2022-10-07,362.7900,5160.5100,168.6100,269.1000,
2022-10-10,360.0200,5089.7300,167.6700,266.4100,
2022-10-11,357.7400,5020.0900,167.7200,262.7500,
2022-10-12,356.5600,5008.7100,167.2600,262.6600,
2022-10-13,365.9700,5100.0700,171.4000,268.8200,
2022-10-14,357.6300,4951.0000,166.8100,260.7400,
2022-10-17,366.8200,5106.0200,172.1300,269.3500,
2022-10-18,371.1300,5155.1300,174.1700,271.4800,
2022-10-19,368.5000,5104.9900,171.2100,270.4900,
2022-10-20,365.4100,5082.3600,169.0300,269.1100,
2022-10-21,374.2900,5197.4700,172.7000,275.4200,
2022-10-24,378.8700,5224.0400,173.4400,278.4500,
2022-10-25,384.9200,5348.5400,178.1700,284.2100,
2022-10-26,382.0200,5328.0000,179.0500,277.9300,
2022-10-27,379.9800,5288.5400,179.0900,272.8700,
2022-10-28,389.0200,5432.7400,183.1600,281.2200,
2022-10-31,386.2100,5387.6900,183.3300,277.9500,
2022-11-01,384.5200,5383.1100,183.5800,275.1100,
2022-11-02,374.8700,5207.7900,177.4900,265.6800,
2022-11-03,371.0100,5142.8700,176.3000,260.4900,
2022-11-04,376.3500,5215.1100,178.6800,264.6800,
2022-11-07,379.9500,5275.9800,179.4900,267.5900,
2022-11-08,382.0000,5331.4800,179.5600,269.5400,
2022-11-09,374.1300,5213.4000,174.6300,263.3200,
2022-11-10,394.6900,5581.5300,185.3800,282.7500,
2022-11-11,398.5100,5693.3600,186.9000,287.9600,
2022-11-14,395.1200,5637.6100,184.8100,285.4400,
2022-11-15,398.4900,5747.8900,187.5500,289.3900,
2022-11-16,395.4500,5637.6700,184.2500,285.4400,
2022-11-17,394.2400,5606.2900,182.5400,284.8100,
2022-11-18,396.0300,5614.5500,183.7200,284.8200,
2022-11-21,394.5900,5572.5500,182.7600,281.8900,
2022-11-22,399.9000,5636.9400,184.7100,285.9500,
2022-11-23,402.4200,5678.2600,185.1900,288.8200,
2022-11-25,402.3300,5647.9000,185.5800,286.9200,
2022-11-28,395.9100,5581.0800,181.8400,282.7100,
2022-11-29,395.2300,5561.4000,182.3700,280.5700,
2022-11-30,407.6800,5773.6200,187.3700,293.3600,
2022-12-01,407.3800,5806.2600,186.9600,293.7200,
2022-12-02,406.9100,5780.9200,188.0500,292.5500,
2022-12-05,399.5900,5671.1600,182.8700,287.6400,
2022-12-06,393.8300,5580.6800,180.0700,281.6800,
2022-12-07,393.1600,5576.4400,179.5400,280.5300,
2022-12-08,396.2400,5661.2400,180.8400,283.8500,
2022-12-09,393.2800,5613.3000,178.6200,282.0400,
2022-12-12,398.9500,5684.9000,180.7200,285.5800,
2022-12-13,401.9700,5744.5800,181.3800,288.6500,
2022-12-14,399.4000,5713.9000,180.1900,286.5100,
2022-12-15,389.6300,5537.3900,175.6800,276.8900,
2022-12-16,383.2700,5496.3600,174.3700,274.2500,
2022-12-19,380.0200,5434.6600,172.0100,269.7500,
2022-12-20,380.5400,5432.0800,172.9200,269.5400,
2022-12-21,386.2300,5503.7500,175.9000,273.4500,
2022-12-22,380.7200,5384.5300,173.6000,266.7600,
2022-12-23,382.9100,5390.5000,174.3900,267.3600,
2022-12-27,381.4000,5338.7100,173.2200,263.5800,
2022-12-28,376.6600,5277.3700,170.5300,260.1000,
2022-12-29,383.4400,5401.0100,174.8500,266.4400,
2022-12-30,382.4300,5390.7300,174.3600,266.2800,
2023-01-03,380.8200,5361.5000,173.4000,264.4800,
2023-01-04,383.7600,5444.4100,175.5600,265.7400,
2023-01-05,379.3800,5366.1400,173.6800,261.5800,
2023-01-06,388.0800,5508.0800,177.5800,268.8000,
2023-01-09,387.8600,5528.0800,177.8800,270.5400,
2023-01-10,390.5800,5577.4000,180.5100,272.8300,
2023-01-11,395.5200,5647.0900,182.7600,277.5500,
2023-01-12,396.9600,5676.5100,185.8300,279.0500,
2023-01-13,398.5000,5710.4100,187.0500,280.9700,
2023-01-17,397.7700,5712.8500,186.8200,281.5400,
2023-01-18,391.4900,5631.7000,183.8000,277.8800,
2023-01-19,388.6400,5552.7000,182.0400,275.1500,
2023-01-20,395.8800,5686.2300,185.0400,282.6800,
2023-01-23,400.6300,5812.3200,187.3300,288.9600,
2023-01-24,400.2000,5793.0100,186.9300,288.3700,
2023-01-25,400.3500,5799.4100,187.4500,287.7300,
2023-01-26,404.7500,5896.2800,188.5600,293.3400,
2023-01-27,405.6800,5939.4800,189.5800,296.2600,
2023-01-30,400.5900,5822.8900,186.9400,290.2700,
2023-01-31,406.4800,5905.6800,191.4800,294.6200,
2023-02-01,410.8000,6041.3900,194.4900,300.9200,
2023-02-02,416.7800,6172.6300,198.3200,311.7200,
2023-02-03,412.3500,6046.4500,196.9900,306.1800,
2023-02-06,409.8300,5992.7900,194.1400,303.5900,
2023-02-07,415.1900,6091.4200,195.5800,309.8800,
2023-02-08,410.6500,5996.3600,192.7200,304.3700,
2023-02-09,407.0900,5950.6300,189.9300,301.6800,
2023-02-10,408.0400,5923.6600,190.3100,299.7000,
2023-02-13,412.8300,6013.8800,192.6000,304.5000,
2023-02-14,412.6400,6061.7600,192.5100,306.7500,
2023-02-15,413.9800,6133.5600,194.4600,309.1000,
2023-02-16,408.2800,6027.7500,192.6000,303.3000,
2023-02-17,407.2600,5985.2200,193.1300,301.1600,
2023-02-21,399.0900,5837.5900,187.4300,294.0300,
2023-02-22,398.5400,5844.9800,187.9400,294.2500,
2023-02-23,400.6600,5876.8300,189.2800,296.8200,
2023-02-24,396.3800,5788.0700,187.5100,291.8500,
2023-02-27,397.7300,5834.6700,188.1700,293.9400,
2023-02-28,396.2600,5830.2300,188.1800,293.5600,
2023-03-01,394.7400,5787.9800,188.4200,291.2000,
2023-03-02,397.8100,5856.9500,188.8700,293.6100,
2023-03-03,404.1900,5947.1800,191.5000,299.6800,
2023-03-06,404.4700,5924.0100,188.7000,300.0200,
2023-03-07,398.2700,5839.3400,186.5100,296.3400,
2023-03-08,398.9200,5868.9300,186.6000,297.8200,
2023-03-09,391.5600,5744.0900,181.4100,292.6600,
2023-03-10,385.9100,5646.3000,176.1800,288.5500,
2023-03-13,385.3600,5676.0200,173.3100,290.6900,
2023-03-14,391.7300,5765.0600,176.5200,297.3700,
2023-03-15,389.2800,5736.3600,173.6100,298.9300,
2023-03-16,396.1100,5852.9100,175.9800,306.8100,
2023-03-17,389.9900,5799.1500,171.2300,305.3600,
2023-03-20,393.7400,5841.0600,173.4500,305.9700,
2023-03-21,398.9100,5916.4000,176.6500,310.3400,
2023-03-22,392.1100,5799.3400,171.6400,306.1200,
2023-03-23,393.1700,5858.8000,170.2500,309.7500,
2023-03-24,395.7500,5872.0300,171.7900,310.8900,
2023-03-27,396.4900,5866.4600,173.7000,308.7600,
2023-03-28,395.6000,5858.1600,173.4500,307.1200,
2023-03-29,401.3500,5971.2600,175.4200,312.7200,
2023-03-30,403.7000,6023.9600,175.1800,315.6800,
2023-03-31,409.3900,6125.3100,178.4000,320.9300,
2023-04-03,410.9500,6099.7500,178.4800,320.1500,
2023-04-04,408.6700,6060.2300,175.3500,319.0700,
2023-04-05,407.6000,6000.2300,173.6300,315.9200,
2023-04-06,409.1900,6000.7400,173.8900,318.0500,
2023-04-10,409.6100,6038.2000,175.7500,317.8700,
2023-04-11,409.7200,6042.4100,177.1400,315.8300,
2023-04-12,408.0500,5984.2900,175.8400,313.0400,
2023-04-13,413.4700,6067.5700,178.1700,319.1700,
2023-04-14,412.4600,6038.0200,176.5100,318.5700,
2023-04-17,413.9400,6061.1000,178.7800,318.8400,
2023-04-18,414.2100,6061.1800,178.0200,318.8600,
2023-04-19,414.1400,6045.4400,178.2500,318.7100,
2023-04-20,411.8800,6010.2500,177.3300,316.2800,
2023-04-21,412.2000,6013.8100,177.5600,316.6100,
2023-04-24,412.6300,6011.1500,177.4400,315.9500,
2023-04-25,406.0800,5885.1900,173.0600,309.9900,
2023-04-26,404.3600,5842.5100,171.3900,311.8700,
2023-04-27,412.4100,5936.8300,173.6800,320.3500,
2023-04-28,415.9300,5989.4500,175.2000,322.5600,
2023-05-01,415.5100,5980.6200,175.3000,322.1900,
2023-05-02,410.8400,5908.0200,171.7000,319.3800,
2023-05-03,408.0200,5882.6200,172.3300,317.2900,
2023-05-04,405.1300,5871.6700,170.4000,316.1700,
2023-05-05,412.6300,5971.9700,174.4500,322.8900,
2023-05-08,412.7400,5983.6100,174.0500,323.6900,
2023-05-09,410.9300,5941.9500,173.5300,321.6400,
2023-05-10,412.8500,5975.6700,174.4100,325.1400,
2023-05-11,412.1300,5965.2500,173.0700,326.2000,
2023-05-12,411.5900,5952.6800,172.7200,325.0300,
2023-05-15,413.0100,6010.6200,174.8300,326.7900,
2023-05-16,410.2500,5952.3900,172.2800,327.1600,
2023-05-17,415.2300,6021.6300,176.1200,331.1200,
2023-05-18,419.2300,6115.7500,177.1900,337.2700,
2023-05-19,418.6200,6098.1600,176.1100,336.5100,
2023-05-22,418.7900,6128.2100,178.2600,337.6400,
2023-05-23,414.0900,6046.4800,177.4200,333.3600,
2023-05-24,411.0900,6006.9700,175.5400,331.6500,
2023-05-25,414.6500,6040.7200,174.1700,339.7200,
2023-05-26,420.0200,6192.7900,176.1500,348.4000,
2023-05-30,420.1800,6191.0600,175.5000,349.9800,
2023-05-31,417.8500,6163.8900,173.7700,347.9900,
2023-06-01,421.8200,6211.0000,175.6500,352.0100,
2023-06-02,427.9200,6275.1900,182.0200,354.6500,
2023-06-05,427.1000,6279.8400,179.5800,354.9000,
2023-06-06,428.0300,6295.5400,184.3100,354.8400,
2023-06-07,426.5500,6226.1200,187.2400,348.8200,
2023-06-08,429.1300,6283.6700,186.5400,353.1500,
2023-06-09,429.9000,6278.5300,185.0300,354.5000,
2023-06-12,433.8000,6375.5400,185.8000,360.4900,
2023-06-13,436.6600,6435.3000,187.9300,363.2600,
2023-06-14,437.1800,6447.7600,185.9100,365.9000,
2023-06-15,442.6000,6522.3300,187.4400,370.2600,
2023-06-16,439.4600,6488.3800,185.9400,367.9300,
2023-06-20,437.1800,6430.9900,185.1300,366.9000,
2023-06-21,434.9400,6367.1300,184.7000,361.9000,
2023-06-22,436.5100,6391.5200,183.3300,366.1700,
2023-06-23,433.2100,6313.3300,180.5700,362.5400,
2023-06-26,431.4400,6305.8700,180.7500,357.6800,
2023-06-27,436.1700,6410.4600,183.3600,363.8300,
2023-06-28,436.3900,6415.3600,184.2600,364.5400,
2023-06-29,438.1100,6416.9100,186.3800,363.8100,
2023-06-30,443.2800,6498.9000,187.2700,369.4200,
2023-07-03,443.7900,6518.7200,187.6500,370.2900,
2023-07-05,443.1300,6495.3000,185.7800,370.2800,
2023-07-06,439.6600,6411.4300,182.7800,367.4600,
2023-07-07,438.5500,6408.6200,184.7100,366.2400,
2023-07-10,439.6600,6522.6700,187.8700,366.3600,
2023-07-11,442.4600,6576.4600,189.8000,368.1700,
2023-07-12,446.0200,6612.6200,191.8700,372.8200,
2023-07-13,449.5600,6688.6100,193.4200,379.1500,
2023-07-14,449.2800,6665.6000,191.5300,379.0700,
2023-07-17,450.8400,6741.7200,193.5800,382.6100,
2023-07-18,454.1900,6771.5900,195.9700,385.7400,
2023-07-19,455.2000,6777.1800,196.8000,385.6500,
2023-07-20,452.1800,6709.1600,195.0800,376.7600,
2023-07-21,452.1800,6727.8200,194.4600,375.6300,
2023-07-24,454.2000,6704.6700,194.9400,376.2300,
2023-07-25,455.4400,6731.7600,194.9200,378.7800,
2023-07-26,455.5100,6711.0700,196.4600,377.5200,
2023-07-27,452.4900,6686.9200,193.9200,376.6200,
2023-07-28,456.9200,6795.2200,196.4300,383.4800,
2023-07-31,457.7900,6812.9200,198.7100,383.6800,
2023-08-01,456.4800,6785.7500,197.8000,382.7900,
2023-08-02,450.1300,6641.7200,195.1100,374.3900,
2023-08-03,448.8400,6635.2500,194.5600,373.7900,
2023-08-04,446.8100,6592.0900,194.1700,372.0400,
2023-08-07,450.7100,6644.8800,194.3000,375.1900,
2023-08-08,448.7500,6580.3700,193.0800,372.0000,
2023-08-09,445.7500,6542.7400,191.5700,367.9100,
2023-08-10,445.9100,6551.6900,190.7200,368.5900,
2023-08-11,445.6500,6508.6300,190.9900,366.2400,
2023-08-14,448.1100,6557.3100,190.6600,370.3500,
2023-08-15,442.8900,6476.9200,188.1400,366.4200,
2023-08-16,439.6400,6412.5800,185.8400,362.5400,
2023-08-17,436.2900,6336.6400,183.6500,358.5800,
2023-08-18,436.5000,6341.1400,184.6500,358.1300,
2023-08-21,439.3400,6409.7000,184.3800,363.9000,
2023-08-22,438.1500,6397.2200,183.8300,363.3800,
2023-08-23,443.0300,6476.9500,185.7900,369.1100,
2023-08-24,436.8900,6334.0100,183.2200,361.2200,
2023-08-25,439.9700,6392.3200,184.0000,364.0200,
2023-08-28,442.7600,6440.7100,185.6400,366.7600,
2023-08-29,449.1600,6561.3000,188.2300,374.7700,
2023-08-30,451.0100,6597.6400,188.9400,376.8600,
2023-08-31,450.3500,6600.5500,188.6100,377.9900,
2023-09-01,451.1900,6617.6200,190.8500,377.5900,
2023-09-05,449.2400,6591.2400,186.8300,378.0700,
2023-09-06,446.2200,6577.5500,186.1300,374.7400,
2023-09-07,444.8500,6533.1600,184.3300,372.0600,
2023-09-08,445.5200,6530.3000,183.9200,372.5800,
2023-09-11,448.4500,6581.5800,184.3600,376.9700,
2023-09-12,445.9900,6530.5600,184.1800,372.7900,
2023-09-13,446.5100,6526.2000,182.9700,374.2100,
2023-09-14,450.3600,6587.4300,185.5500,377.2700,
2023-09-15,443.3700,6480.6200,183.6100,370.8100,
2023-09-18,443.6300,6472.8900,182.3900,370.6600,
2023-09-19,442.7100,6451.8200,181.6800,369.8700,
2023-09-20,438.6400,6398.1300,179.8600,364.5400,
2023-09-21,431.3900,6280.7500,177.0700,357.8600,
2023-09-22,430.4200,6286.5700,176.6700,357.9100,
2023-09-25,432.2300,6299.7300,177.4600,359.6100,
2023-09-26,425.8800,6224.6500,174.3600,354.2100,
2023-09-27,426.0500,6257.0000,175.9900,355.0400,
2023-09-28,428.5200,6313.3200,177.5800,358.0100,
2023-09-29,427.4800,6318.6600,176.7400,358.2700,
2023-10-02,427.3100,6304.3900,174.0700,361.2600,
2023-10-03,421.5900,6194.5300,171.1400,354.9200,
2023-10-04,424.6600,6269.2700,171.2200,359.7500,
2023-10-05,424.5000,6226.3800,171.3500,358.6900,
2023-10-06,429.5400,6332.5600,173.0000,364.7000,
2023-10-09,432.2900,6365.8300,174.0000,366.5600,
2023-10-10,434.5400,6432.1600,175.9700,368.5900,
2023-10-11,436.3200,6445.4700,175.6700,371.2200,
2023-10-12,433.6600,6388.6700,171.7000,369.9300,
2023-10-13,431.5000,6333.7200,170.2700,365.2800,
2023-10-16,436.0400,6414.8500,173.0200,369.4100,
2023-10-17,436.0200,6411.5100,174.9500,368.2000,
2023-10-18,430.2100,6309.1000,171.3500,363.3700,
2023-10-19,426.4300,6231.5000,168.6200,359.9700,
2023-10-20,421.1900,6140.7800,166.4400,354.6000,
2023-10-23,420.4600,6128.4600,165.0300,355.6700,
2023-10-24,423.6300,6185.9500,166.4700,359.1300,
2023-10-25,417.5500,6041.1600,163.7200,350.3400,
2023-10-26,412.5500,5973.9000,164.1400,343.6600,
2023-10-27,410.6800,5947.6800,162.2100,345.3100,
2023-10-30,415.5900,5970.7200,163.1100,349.2000,
2023-10-31,418.2000,6021.3700,164.5200,350.8700,
2023-11-01,422.6600,6081.6100,165.4600,356.9600,
2023-11-02,430.7600,6205.3600,169.8700,363.4400,
2023-11-03,434.6900,6313.4200,174.4900,367.7100,
2023-11-06,435.6900,6286.0500,172.3100,369.2100,
2023-11-07,436.9300,6337.1300,171.7000,372.7000,
2023-11-08,437.2500,6304.6200,169.8700,372.9400,
2023-11-09,433.8400,6246.3400,167.2400,370.0700,
2023-11-10,440.6100,6358.8800,169.1100,378.3900,
2023-11-13,440.1900,6343.1500,169.1700,377.2100,
2023-11-14,448.7300,6522.9100,178.4600,385.3300,
2023-11-15,449.6800,6538.3300,178.7700,385.6200,
2023-11-16,450.2300,6514.6200,175.8800,385.9500,
2023-11-17,450.7900,6539.8500,178.2900,386.0400,
2023-11-20,454.2600,6616.8700,179.3300,390.7400,
2023-11-21,453.2700,6579.8600,177.0200,388.4700,
2023-11-22,455.0200,6600.1600,178.1300,390.0600,
2023-11-24,455.3000,6619.5500,179.3300,389.5100,
2023-11-27,454.4800,6600.5900,178.7300,389.1700,
2023-11-28,454.9300,6608.2600,178.0400,390.1900,
2023-11-29,454.6100,6645.8000,178.9800,389.8100,
2023-11-30,456.4000,6652.3500,179.6600,388.8300,
2023-12-01,459.1000,6720.4200,184.9100,389.9400,
2023-12-04,456.6900,6680.3400,186.8900,386.3200,
2023-12-05,456.6000,6637.5800,184.3900,387.2900,
2023-12-06,454.7600,6625.9100,184.0600,385.0500,
2023-12-07,458.2300,6694.1600,185.3900,390.4300,
2023-12-08,460.2000,6707.4200,186.8000,392.1700,
2023-12-11,461.9900,6833.1400,187.1900,395.5200,
2023-12-12,464.1000,6869.9300,187.0000,398.6700,
2023-12-13,470.5000,7001.5500,193.3300,403.7400,
2023-12-14,472.0100,7047.1700,198.7100,403.3900,
2023-12-15,469.3300,7049.3600,197.0400,405.3400,
2023-12-18,471.9700,7061.9500,197.1100,407.0800,
2023-12-19,474.8400,7110.8900,200.9300,409.1600,
2023-12-20,468.2600,6991.5500,196.2800,403.0800,
2023-12-21,472.7000,7090.7000,199.6200,407.7700,
2023-12-22,473.6500,7117.5400,201.4800,408.3800,
2023-12-26,475.6500,7173.1500,204.1000,410.8800,
2023-12-27,476.5100,7183.3100,204.8200,411.5000,
2023-12-28,476.6900,7181.7000,204.0400,411.3000,
2023-12-29,475.3100,7148.8900,200.7100,409.5200,
2024-01-02,472.6500,7063.3600,199.5200,402.5900,
2024-01-03,468.7900,6968.7400,194.2000,398.3300,
2024-01-04,467.2800,6943.6800,193.8200,396.2800,
2024-01-05,467.9200,6950.7700,193.2500,396.7500,
2024-01-08,474.6000,7078.2500,196.7300,404.9500,
2024-01-09,473.8800,7078.2300,194.9700,405.7500,
2024-01-10,476.5600,7097.1900,195.0800,408.5000,
2024-01-11,476.3500,7098.7300,193.5500,409.3500,
2024-01-12,476.6800,7096.9800,193.2300,409.5600,
2024-01-16,474.9300,7074.7300,190.8400,409.5200,
2024-01-17,472.2900,7029.4900,189.4800,407.2100,
2024-01-18,476.4900,7111.0100,190.6000,412.9900,
2024-01-19,482.4300,7226.2600,192.4300,421.1800,
2024-01-22,483.4500,7258.2800,196.5400,421.7300,
2024-01-23,484.8600,7286.2500,195.9700,423.4800,
2024-01-24,485.3900,7278.7200,194.3600,425.8300,
2024-01-25,488.0300,7301.9500,195.9700,426.3500,
2024-01-26,487.4100,7266.8100,195.9800,423.8100,
2024-01-29,491.2700,7339.0000,199.4100,428.1500,
2024-01-30,490.8900,7294.6400,197.7100,425.3000,
2024-01-31,482.8800,7190.2900,192.8800,416.9700,
2024-02-01,489.2000,7274.6200,195.4400,421.8800,
2024-02-02,494.3500,7300.8400,194.4100,429.0100,
2024-02-05,492.5500,7268.0300,191.9400,428.4500,
2024-02-06,493.9800,7286.9300,193.6700,427.5900,
2024-02-07,498.1000,7339.5200,193.2200,431.9900,
2024-02-08,498.3200,7360.2800,196.1500,432.7900,
2024-02-09,501.2000,7396.0800,199.3400,437.0500,
2024-02-12,500.9800,7395.0300,202.9600,435.3400,
2024-02-13,494.0800,7264.7200,194.6100,428.5500,
2024-02-14,498.5700,7349.6500,199.1300,433.2200,
2024-02-15,502.0100,7401.9700,204.4400,434.5100,
2024-02-16,499.5100,7347.9500,201.6600,430.5700,
2024-02-20,496.7600,7306.7200,198.8800,427.3200,
2024-02-21,497.2100,7258.6700,197.9400,425.6100,
2024-02-22,507.5000,7422.5500,199.4400,438.0700,
2024-02-23,507.8500,7401.8000,199.8900,436.7800,
2024-02-26,505.9900,7416.8300,201.1500,436.5500,
2024-02-27,506.9300,7449.7000,204.0000,437.6000,
2024-02-28,506.2600,7417.2200,202.3200,435.2700,
2024-02-29,508.0800,7459.5200,203.7300,439.0000,
2024-03-01,512.8500,7539.8400,205.8900,445.6100,
2024-03-04,512.3000,7514.4800,205.7000,444.0200,
2024-03-05,507.1800,7398.1200,203.7300,436.0500,
2024-03-06,509.7500,7466.0800,205.2500,438.7900,
2024-03-07,514.8100,7547.8800,206.9600,445.4500,
2024-03-08,511.7200,7459.9300,206.8300,439.0200,
2024-03-11,511.2800,7465.0000,205.1900,437.3900,
2024-03-12,516.7800,7520.4700,204.9100,443.6600,
2024-03-13,515.9700,7459.8900,205.7100,440.2500,
2024-03-14,514.9500,7399.7200,202.0300,439.1400,
2024-03-15,509.8300,7344.0100,202.4100,433.9200,
2024-03-18,512.8600,7394.1000,201.2500,437.4800,
2024-03-19,515.7100,7415.0400,202.1000,438.5700,
2024-03-20,520.4800,7488.4800,206.1000,443.7700,
2024-03-21,522.2000,7541.1300,207.9400,445.8700,
2024-03-22,521.2100,7504.9600,205.0700,446.3800,
2024-03-25,519.7700,7484.8500,205.5400,444.7600,
2024-03-26,518.8100,7473.8300,205.1700,443.3200,
2024-03-27,523.1700,7536.5400,209.6400,444.8300,
2024-03-28,523.0700,7538.1800,210.3000,444.0100,
2024-04-01,522.1600,7516.6800,208.3200,444.9500,
2024-04-02,518.8400,7436.2100,204.4900,441.1100,
2024-04-03,519.4100,7437.8500,205.8300,442.1000,
2024-04-04,513.0700,7326.8600,203.7700,435.3400,
2024-04-05,518.4300,7403.5300,204.4500,440.4700,
2024-04-08,518.7200,7410.6800,205.5700,440.6000,
2024-04-09,519.3200,7456.4000,206.3800,442.2300,
2024-04-10,514.1200,7346.7800,200.9300,438.3700,
2024-04-11,518.0000,7418.5000,202.2900,445.3700,
2024-04-12,510.8500,7278.7000,198.6900,438.2700,
2024-04-15,504.4500,7175.5900,195.7800,431.0600,
2024-04-16,503.5300,7170.9500,195.0600,431.1000,
2024-04-17,500.5500,7098.7900,193.0000,425.8400,
2024-04-18,499.5200,7057.4200,192.8400,423.4100,
2024-04-19,495.1600,6998.6300,193.1400,414.6500,
2024-04-22,499.7200,7066.7600,195.3000,418.8200,
2024-04-23,505.6500,7163.3600,198.5700,425.0700,
2024-04-24,505.4100,7197.7400,197.6800,426.5100,
2024-04-25,503.4900,7183.2100,196.4800,424.4500,
2024-04-26,508.2600,7226.6600,198.3600,431.0000,
2024-04-29,510.0600,7260.5700,199.9600,432.7500,
2024-04-30,501.9800,7133.9200,195.9000,424.5900,
2024-05-01,500.3500,7081.8100,196.3100,421.5200,
2024-05-02,505.0300,7153.2300,199.9200,426.9000,
2024-05-03,511.2900,7240.5200,201.9000,435.4800,
2024-05-06,516.5700,7289.3200,204.5100,440.2500,
2024-05-07,517.1400,7294.4100,204.9700,440.3200,
2024-05-08,517.1900,7278.3900,203.7800,440.0600,
2024-05-09,520.1700,7303.8700,205.8600,441.0200,
2024-05-10,520.8400,7321.7000,204.3100,442.0600,
2024-05-13,520.9100,7346.3600,204.7400,443.0800,
2024-05-14,523.3000,7376.7200,206.8600,445.9300,
2024-05-15,529.7800,7465.1800,209.4400,452.9000,
2024-05-16,528.6900,7464.9100,207.9300,451.9800,
2024-05-17,529.4500,7456.2700,208.0800,451.7600,
2024-05-20,530.0600,7497.0900,208.5400,454.9100,
2024-05-21,531.3600,7483.8400,208.3400,455.8000,
2024-05-22,529.8300,7497.1700,206.5800,455.7100,
2024-05-23,525.9600,7421.6000,203.1900,453.6600,
2024-05-24,529.4400,7468.8800,205.4400,457.9500,
2024-05-28,529.8100,7414.4400,205.1600,459.6800,
2024-05-29,526.1000,7334.6600,202.1300,456.4400,
2024-05-30,522.6100,7307.3000,204.0500,451.5500,
2024-05-31,527.3700,7323.7700,205.7700,450.7100,
2024-06-03,527.8000,7308.3200,204.6100,453.1300,
2024-06-04,528.3900,7310.9500,201.9700,454.3700,
2024-06-05,534.6700,7420.5600,205.0600,463.5300,
2024-06-06,534.6600,7414.4000,203.5900,463.3700,
2024-06-07,534.0100,7392.1600,201.2000,462.9600,
2024-06-10,535.6600,7422.1900,201.8900,464.8300,
2024-06-11,536.9500,7429.4600,200.6400,468.0200,
2024-06-12,541.3600,7492.1100,203.7200,474.1500,
2024-06-13,542.4500,7456.3700,201.9400,476.7200,
2024-06-14,542.7800,7454.8600,198.7300,479.1900,
2024-06-17,547.1000,7531.6100,200.4000,485.0600,
2024-06-18,548.4900,7537.2500,200.7500,485.2100,
2024-06-20,547.0000,7511.6000,199.9000,481.4700,
2024-06-21,544.5100,7531.9400,200.3500,480.1800,
2024-06-24,542.7400,7501.8100,201.2200,473.9600,
2024-06-25,544.8300,7533.2500,200.5600,479.3800,
2024-06-26,545.5100,7501.0400,200.0300,480.3700,
2024-06-27,546.3700,7508.2600,202.0600,481.6100,
2024-06-28,544.2200,7500.3900,202.8900,479.1100,
2024-07-01,545.3400,7486.9300,201.1900,481.9200,
2024-07-02,549.0100,7548.2400,201.8800,486.9800,
2024-07-03,551.4600,7563.5100,201.8300,491.0400,
2024-07-05,554.6400,7621.6800,200.8700,496.1600,
2024-07-08,555.2800,7614.6300,202.2800,497.3400,
2024-07-09,555.8200,7588.7000,201.4000,497.7700,
2024-07-10,561.3200,7654.2100,203.3700,502.9600,
2024-07-11,556.4800,7615.5200,210.6800,491.9300,
2024-07-12,559.9900,7685.6600,213.1400,494.8200,
2024-07-15,561.5300,7696.4100,217.1900,496.1500,
2024-07-16,564.8600,7776.9800,224.6000,496.3400,
2024-07-17,556.9400,7631.4300,222.2500,481.7700,
2024-07-18,552.6600,7562.1500,217.9500,479.4900,
2024-07-19,548.9900,7505.6000,216.8400,475.2400,
2024-07-22,554.6500,7586.7800,220.2900,482.3200,
2024-07-23,553.7800,7525.9200,222.6300,480.6200,
2024-07-24,541.2300,7342.5600,217.8500,463.3800,
2024-07-25,538.4100,7310.7300,220.5700,458.2700,
2024-07-26,544.4400,7377.4300,224.2200,462.9700,
2024-07-29,544.7600,7403.3600,221.7300,463.9000,
2024-07-30,542.0000,7353.2100,222.5700,457.5300,
2024-07-31,550.8100,7484.3200,223.8600,471.0700,
2024-08-01,543.0100,7305.0800,216.5800,459.6600,
2024-08-02,532.9000,7124.8600,208.9200,448.7500,
2024-08-05,517.3800,6967.8500,202.2000,435.3700,
2024-08-06,522.1500,7025.5600,204.4000,439.5300,
2024-08-07,518.6600,6970.7900,201.9800,434.7700,
2024-08-08,530.6500,7148.4000,206.8900,448.0700,
2024-08-09,532.9900,7166.3000,206.4600,450.4100,
2024-08-12,533.2700,7138.5900,204.6000,451.3800,
2024-08-13,542.0400,7282.9100,207.9700,462.5800,
2024-08-14,543.7500,7282.0400,206.6800,462.7300,
2024-08-15,553.0700,7448.3700,212.0400,474.4200,
2024-08-16,554.3100,7462.4700,212.6000,475.0300,
2024-08-19,559.6100,7548.6200,215.2000,481.2700,
2024-08-20,558.7000,7519.3500,212.6900,480.2600,
2024-08-21,560.6200,7581.1400,215.4600,482.5000,
2024-08-22,556.2200,7478.9400,213.5600,474.8500,
2024-08-23,562.1300,7563.9200,220.3800,480.0000,
2024-08-26,560.7900,7510.2100,220.4500,475.3400,
2024-08-27,561.5600,7524.4600,218.7400,476.7600,
2024-08-28,558.3000,7446.2800,217.2600,471.3500,
2024-08-29,558.3500,7478.2100,218.8100,470.6600,
2024-08-30,563.6800,7562.1700,220.0800,476.2700,
2024-09-03,552.0800,7381.8400,213.3500,461.8100,
2024-09-04,550.9500,7348.6800,212.9900,460.6100,
2024-09-05,549.6100,7319.5000,211.9300,461.0400,
2024-09-06,540.3600,7184.6900,207.9000,448.6900,
2024-09-09,546.4100,7267.5700,208.4800,454.4600,
2024-09-10,548.7900,7288.5900,208.3100,458.6600,
2024-09-11,554.4200,7377.3200,208.9200,468.6200,
2024-09-12,559.0900,7416.3000,211.6100,473.2200,
2024-09-13,562.0100,7469.3100,216.8300,475.3400,
2024-09-16,562.8400,7474.2900,217.6100,473.2400,
2024-09-17,563.0700,7467.4800,219.4100,473.4900,
2024-09-18,561.4000,7441.4300,219.4500,471.4400,
2024-09-19,570.9800,7582.3700,223.9700,483.3600,
2024-09-20,568.2500,7549.3700,221.5700,482.4400,
2024-09-23,569.6700,7564.2700,220.7600,483.0400,
2024-09-24,571.3000,7587.7800,221.1300,485.3700,
2024-09-25,570.0400,7562.7600,217.6900,485.8200,
2024-09-26,572.3000,7643.6900,218.8500,489.4700,
2024-09-27,571.4700,7639.9500,220.3300,486.7500,
2024-09-30,573.7600,7627.4500,220.8900,488.0700,
2024-10-01,568.6200,7543.6600,217.8900,481.2700,
2024-10-02,568.8600,7569.7500,217.5900,481.9500,
2024-10-03,567.8200,7538.3200,216.1300,481.5900,
2024-10-04,572.9800,7625.2400,219.1500,487.3200,
2024-10-07,567.8000,7563.1200,217.4300,482.1000,
2024-10-08,573.1700,7630.9000,217.5800,489.3000,
2024-10-09,577.1400,7707.9600,218.0600,493.1500,
2024-10-10,576.1300,7701.7200,216.8500,492.5900,
2024-10-11,579.5800,7766.9400,221.2600,493.3600,
2024-10-14,584.3200,7824.1700,222.8900,497.5000,
2024-10-15,579.7800,7706.4100,223.0700,490.8500,
2024-10-16,582.3000,7715.8900,226.7400,490.9100,
2024-10-17,582.3500,7697.3500,226.1200,491.2500,
2024-10-18,584.5900,7741.2400,225.6500,494.4700,
2024-10-21,583.6300,7704.8200,222.1000,495.4200,
2024-10-22,583.3200,7692.9000,221.2600,495.9600,
2024-10-23,577.9900,7602.8500,219.2400,488.3600,
2024-10-24,579.2400,7642.4300,219.7200,492.3200,
2024-10-25,579.0400,7673.8900,218.8900,495.3200,
2024-10-28,580.8300,7683.4300,222.4600,495.4000,
2024-10-29,581.7700,7735.5700,221.7400,500.1600,
2024-10-30,580.0100,7650.5100,221.4400,496.3800,
2024-10-31,568.6400,7529.3600,217.7600,483.8500,
2024-11-01,571.0400,7592.8100,218.9800,487.4300,
2024-11-04,569.8100,7581.9900,220.0900,486.0100,
2024-11-05,576.7000,7664.9700,224.2300,492.2100,
2024-11-06,591.0400,7854.4900,237.2200,505.5800,
2024-11-07,595.6100,7953.8400,236.3800,513.5400,
2024-11-08,598.1900,7934.5800,238.1200,514.1400,
2024-11-11,598.7600,7958.3000,241.7000,513.8400,
2024-11-12,596.9000,7925.8000,237.4600,512.9100,
2024-11-13,597.1900,7925.4600,235.1100,512.2500,
2024-11-14,593.3500,7861.9900,231.9400,508.6900,
2024-11-15,585.7500,7668.0100,228.4800,496.5700,
2024-11-18,588.1500,7724.9600,228.9300,500.0200,
2024-11-19,590.3000,7746.9100,230.6300,503.4600,
2024-11-20,590.5000,7769.4700,230.9300,503.1700,
2024-11-21,593.6700,7880.0100,234.4400,504.9800,
2024-11-22,595.5100,7950.5700,238.7700,505.7900,
2024-11-25,597.5300,8019.3100,242.4000,506.5900,
2024-11-26,600.6500,8006.5100,240.6200,509.3100,
2024-11-27,598.8300,7946.4100,240.9500,505.3000,
2024-11-29,602.5500,7987.5500,241.8700,509.7400,
2024-12-02,603.6300,8057.8700,241.7500,515.2900,
2024-12-03,603.9100,8034.4200,240.0300,516.8700,
2024-12-04,607.6600,8121.0400,240.8900,523.2600,
2024-12-05,606.6600,8041.5000,238.0800,521.8100,
2024-12-06,607.8100,8103.1600,238.9300,526.4800,
2024-12-09,604.6800,8034.2400,237.7300,522.3800,
2024-12-10,602.8000,7959.4900,236.7000,520.6000,
2024-12-11,607.4600,8043.5200,237.7700,529.9200,
2024-12-12,604.3300,8017.4900,234.6800,526.5000,
2024-12-13,604.2100,7983.3900,233.0700,530.5300,
2024-12-16,606.7900,8010.8900,234.4400,538.1700,
2024-12-17,604.2900,7966.2400,231.0700,535.8000,
2024-12-18,586.2800,7676.1900,220.8400,516.4700,
2024-12-19,586.1000,7616.1600,219.8600,514.1700,
2024-12-20,591.1500,7693.1100,221.9200,518.6600,
2024-12-23,594.6900,7725.1500,221.4100,522.8700,
2024-12-24,601.3000,7807.3700,223.3900,529.9600,
2024-12-26,601.3400,7797.7200,225.6800,529.6000,
2024-12-27,595.0100,7728.9400,222.3900,522.5600,
2024-12-30,588.2200,7626.5500,220.6800,515.6100,
2024-12-31,586.0800,7596.4000,220.9600,511.2300,
2025-01-02,584.6400,7602.9400,221.1400,510.2300,
2025-01-03,591.9500,7731.6500,224.4300,518.5800,
2025-01-06,595.3600,7784.5800,224.5200,524.5400,
2025-01-07,588.6300,7699.6000,222.7200,515.1800,
2025-01-08,589.4900,7704.1200,221.7100,515.2700,
2025-01-10,580.4900,7587.5600,216.8300,507.1900,
2025-01-13,581.3900,7588.4200,217.2500,505.5600,
2025-01-14,582.1900,7622.7000,219.7200,505.0800,
2025-01-15,592.7800,7742.0600,224.0400,516.7000,
2025-01-16,591.6400,7767.2000,224.4900,513.0800,
2025-01-17,597.5800,7866.8000,225.4600,521.7400,
2025-01-21,603.0500,7934.1900,229.7900,524.8000,
2025-01-22,606.4400,7992.4800,228.2900,531.5100,
2025-01-23,609.7500,7997.4100,229.3300,532.6400,
2025-01-24,607.9700,7957.5100,228.6900,529.6300,
2025-01-27,599.3700,7856.6100,226.5000,514.2100,
2025-01-28,604.5200,7883.0200,226.7500,521.8100,
2025-01-29,601.8100,7892.8600,226.2300,520.8300,
2025-01-30,605.0400,7975.2600,228.5300,523.0500,
2025-01-31,601.8200,7962.9900,226.4800,522.2900,
2025-02-03,597.7700,7942.2200,223.8300,518.1100,
2025-02-04,601.7800,7990.0800,226.9300,524.4700,
2025-02-05,604.2200,8076.1400,229.4000,526.8500,
2025-02-06,606.3200,8085.9700,228.6500,529.6000,
2025-02-07,600.7700,8020.7900,226.0000,522.9200,
2025-02-10,604.8500,8099.5100,227.0200,529.2500,
2025-02-11,605.3100,8077.2800,225.7000,527.9900,
2025-02-12,603.3600,8083.7900,223.6200,528.3000,
2025-02-13,609.7300,8175.8000,226.1400,535.9000,
2025-02-14,609.7000,8196.1400,225.9700,538.1500,
2025-02-18,611.4900,8284.0200,227.2100,539.3700,
2025-02-19,612.9300,8271.4800,226.4300,539.5200,
2025-02-20,610.3800,8221.1000,224.2600,537.2300,
2025-02-21,599.9400,8062.1500,217.8000,526.0800,
2025-02-24,597.2100,7999.5300,216.2300,519.8700,
2025-02-25,594.2400,7920.5300,215.4100,513.3200,
2025-02-26,594.5400,7928.7700,215.6800,514.5600,
2025-02-27,585.0500,7768.9600,212.3900,500.2700,
2025-02-28,594.1800,7860.9000,214.6500,508.1700,
2025-03-03,583.7700,7751.0300,208.7800,497.0500,
2025-03-04,576.8600,7713.7100,206.4200,495.5500,
2025-03-05,583.0600,7794.2900,208.4700,502.0100,
2025-03-06,572.7100,7594.3100,205.2800,488.2000,
2025-03-07,575.9200,7655.7400,205.9500,491.7900,
2025-03-10,560.5800,7434.3300,200.7700,472.7300,
2025-03-11,555.9200,7377.2500,200.7500,471.6000,
2025-03-12,558.8700,7398.9500,201.1000,476.9200,
2025-03-13,551.4200,7287.2500,198.1000,468.3400,
2025-03-14,562.8100,7452.1500,202.8900,479.6600,
2025-03-17,567.1500,7569.6100,205.4500,482.7700,
2025-03-18,561.0200,7483.6200,203.2100,474.5400,
2025-03-19,567.1300,7554.0300,206.3700,480.8900,
2025-03-20,565.4900,7529.2600,205.0600,479.2600,
2025-03-21,563.9800,7513.1800,203.7900,480.8400,
2025-03-24,574.0800,7666.6900,208.8600,490.6600,
2025-03-25,575.4600,7684.1700,207.7000,493.4600,
2025-03-26,568.5900,7603.6500,205.5900,484.3800,
2025-03-27,567.0800,7547.8900,204.6100,481.6200,
2025-03-28,555.6600,7366.1700,200.4500,468.9400,
2025-03-31,559.3900,7366.6400,199.4900,468.9200,
2025-04-01,560.9700,7403.2000,199.5100,472.7000,
2025-04-02,564.5200,7466.9800,202.6600,476.1500,
2025-04-03,536.7000,7091.8700,189.6500,450.6600,
2025-04-04,505.2800,6645.6300,181.1900,422.6700,
2025-04-07,504.3800,6637.5300,179.5500,423.6900,
2025-04-08,496.4800,6499.4900,174.8200,416.0600,
2025-04-09,548.6200,7203.6400,189.6800,466.0000,
2025-04-10,524.5800,6907.6000,181.7100,446.1800,
2025-04-11,533.9400,7012.5200,184.3600,454.4000,
2025-04-14,539.1200,7075.0700,186.5300,457.4800,
2025-04-15,537.6100,7095.4500,186.7600,457.9900,
2025-04-16,525.6600,6937.0500,184.9700,444.1800,
2025-04-17,526.4100,6978.8700,186.4800,444.1000,
2025-04-21,513.8800,6825.3200,182.7400,433.1100,
2025-04-22,527.2500,6991.3900,187.4700,444.4800,
2025-04-23,535.4200,7111.6900,190.2500,454.5600,
2025-04-24,546.6900,7307.1100,194.0600,467.3500,
2025-04-25,550.6400,7348.8800,194.1200,472.5600,
2025-04-28,550.8500,7358.7900,194.9400,472.4100,
2025-04-29,554.3200,7405.4400,196.0900,475.5300,
2025-04-30,554.5400,7421.5000,194.8600,475.4700,
2025-05-01,558.4700,7429.6700,196.0700,481.6800,
2025-05-02,566.7600,7578.1800,200.4800,488.8300,
2025-05-05,563.5100,7551.1400,198.9400,485.9300,
2025-05-06,558.8000,7482.9500,196.7700,481.4100,
2025-05-07,561.1500,7527.6800,197.4200,483.3000,
2025-05-08,565.0600,7613.0900,201.1800,488.2900,
2025-05-09,564.3400,7622.8600,200.8100,487.9700,
2025-05-12,582.9900,7897.9500,207.8700,507.8500,
2025-05-13,586.8400,7979.8000,208.6300,515.5900,
2025-05-14,587.5900,7978.7200,206.7800,518.6800,
2025-05-15,590.4600,8006.4600,208.1300,519.2500,
2025-05-16,594.2000,8051.8500,209.8500,521.5100,
2025-05-19,594.8500,8059.3200,208.9700,522.0100,
2025-05-20,592.8500,8045.7300,209.0800,520.2700,
2025-05-21,582.8600,7909.3500,203.2100,513.0400,
2025-05-22,583.0900,7896.8400,203.2000,514.0000,
2025-05-23,579.1100,7827.5400,202.5600,509.2400,
2025-05-27,591.1500,7988.3400,207.7000,521.2200,
2025-05-28,587.7300,7934.5800,205.5100,518.9100,
2025-05-29,590.0500,7918.1300,206.1200,519.9300,
2025-05-30,589.3900,7915.0300,205.0700,519.1100,
2025-06-02,592.7100,7957.1400,205.7100,523.2100,
2025-06-03,596.0900,8038.9400,209.0300,527.3000,
2025-06-04,595.9300,8053.0900,208.4400,528.7700,
2025-06-05,593.0500,8017.9600,208.5300,524.7900,
2025-06-06,599.1400,8084.8800,211.9000,529.9200,
2025-06-09,599.6800,8096.0600,213.3600,530.7000,
2025-06-10,603.0800,8159.7100,214.5100,534.2100,
2025-06-11,601.3600,8130.5100,213.6300,532.4100,
2025-06-12,603.7500,8135.2100,212.7800,533.6600,
2025-06-13,597.0000,8016.3400,208.8900,526.9600,
2025-06-16,602.6800,8123.4200,210.7700,534.2900,
2025-06-17,597.5300,8038.1300,208.5500,529.0800,
2025-06-18,597.4400,8027.3300,209.6500,528.9900,
2025-06-20,594.2800,8003.3000,209.2100,526.8300,
2025-06-23,600.1500,8073.7500,211.7700,531.6500,
2025-06-24,606.7800,8214.0000,214.4700,539.7800,
2025-06-25,607.1200,8169.7300,211.9700,541.1600,
2025-06-26,611.8700,8228.5500,215.4100,546.2200,
2025-06-27,614.9100,8247.1000,215.4800,548.0900,
2025-06-30,617.8500,8306.7200,215.7900,551.6400,
2025-07-01,617.6500,8310.9200,218.0100,546.9900,
2025-07-02,620.4500,8339.7200,221.0300,550.8000,
2025-07-03,625.3400,8418.8400,223.0800,556.2200,
2025-07-07,620.6800,8342.8800,219.7300,552.0300,
2025-07-08,620.3400,8388.2600,221.2500,552.3400,
2025-07-09,624.0600,8403.1600,223.6500,556.2500,
2025-07-10,625.8200,8374.3700,224.8000,555.4500,
2025-07-11,623.6200,8317.1900,221.7000,554.2000,
2025-07-14,624.8100,8356.3500,223.1900,556.2100,
2025-07-15,622.1400,8299.2600,218.8200,556.7200,
2025-07-16,624.2200,8312.3200,221.0200,557.2900,
2025-07-17,628.0400,8384.2000,223.9200,561.8000,
2025-07-18,627.5800,8384.5000,222.3300,561.2600,
2025-07-21,628.7700,8406.6600,221.4300,564.1700,
2025-07-22,628.8600,8446.1200,223.2700,561.2500,
2025-07-23,634.2100,8479.2100,226.6800,563.8100,
2025-07-24,634.4200,8470.8100,223.5500,565.0100,
2025-07-25,637.1000,8485.3100,224.3800,566.3700,
2025-07-28,636.9400,8491.5900,224.1200,568.1400,
2025-07-29,635.2600,8477.3300,222.6900,567.2600,
2025-07-30,634.4600,8452.6900,221.5600,568.0200,
2025-07-31,632.0800,8311.5500,219.3900,565.0100,
2025-08-01,621.7200,8189.4400,214.9200,553.8800,
2025-08-04,631.1700,8317.0900,219.7300,564.1000,
2025-08-05,627.9700,8247.4600,220.8500,560.2700,
2025-08-06,632.7800,8289.6900,220.5600,567.3200,
2025-08-07,632.2500,8261.6900,219.8400,569.2400,
2025-08-08,637.1800,8251.8700,220.3200,574.5500,
2025-08-11,635.9200,8207.3300,220.2700,572.8500,
2025-08-12,642.6900,8315.4600,226.8100,580.0500,
2025-08-13,644.8900,8387.0000,231.2200,580.3400,
2025-08-14,644.9500,8331.1600,228.2400,579.8900,
2025-08-15,643.4400,8309.3800,227.1300,577.3400,
2025-08-18,643.3000,8317.0200,227.9600,577.1100,
2025-08-19,639.8100,8268.3300,226.2100,569.2800,
2025-08-20,638.1100,8248.2700,225.4100,565.9000,
2025-08-21,635.5500,8219.4900,225.9700,563.2800,
2025-08-22,645.3100,8358.0800,234.8300,571.9700,
2025-08-25,642.4700,8281.1000,232.3600,570.3200,
2025-08-26,645.1600,8285.7900,234.2800,572.6100,
2025-08-27,646.6300,8314.0700,235.9400,573.4900,
2025-08-28,648.9200,8348.5800,236.2200,577.0800,
2025-08-29,645.0500,8272.9000,235.1700,570.4000,
2025-09-02,640.2700,8210.6100,233.9000,565.6200,
2025-09-03,643.7400,8207.4900,233.6700,570.0700,
2025-09-04,649.1200,8266.3700,236.5900,575.2300,
2025-09-05,647.2400,8272.9600,237.7700,576.0600,
2025-09-08,648.8300,8305.5100,238.2500,578.8700,
2025-09-09,650.3300,8316.6800,236.8500,580.5100,
2025-09-10,652.2100,8253.6300,236.4300,580.7000,
2025-09-11,657.6300,8370.2500,240.8000,584.0800,
2025-09-12,657.4100,8357.3600,238.3400,586.6600,
2025-09-15,660.9100,8385.5600,239.3500,591.6800,
2025-09-16,660.0000,8388.0800,238.2800,591.1800,
2025-09-17,659.1800,8414.0400,238.8900,590.0000,
2025-09-18,662.2600,8519.0900,244.8400,595.3200,
2025-09-19,663.7000,8526.7900,242.9800,599.3500,
2025-09-22,666.8400,8557.3200,244.3900,602.2000,
2025-09-23,663.2100,8533.3300,243.8400,598.2000,
2025-09-24,661.1000,8514.7400,241.6000,596.1000,
2025-09-25,658.0500,8462.0200,239.2900,593.5300,
2025-09-26,661.8200,8544.8300,241.3400,595.9700,
2025-09-29,663.6800,8598.3700,241.6200,598.7300,
2025-09-30,666.1800,8594.6900,241.9600,600.3700,
2025-10-01,668.4500,8637.1500,242.4900,603.2500,
2025-10-02,669.2200,8686.6700,244.0200,605.7300,
2025-10-03,669.2100,8684.5400,245.8300,603.1800,
2025-10-06,671.6100,8727.6000,246.8100,607.7100,
2025-10-07,669.1200,8662.0700,244.1600,604.5100,
2025-10-08,673.1100,8753.2800,246.7200,611.4400,
2025-10-09,671.1600,8702.0300,245.1300,610.7000,
2025-10-10,653.0200,8433.0200,237.7900,589.5000,
2025-10-13,663.0400,8573.3300,244.4100,602.0100,
2025-10-14,662.2300,8581.8000,247.9000,598.0000,
2025-10-15,665.1700,8610.0100,250.3300,602.2200,
2025-10-16,660.6400,8561.4900,245.0600,599.9900,
2025-10-17,664.3900,8614.8100,243.4100,603.9300,
2025-10-20,671.3000,8730.4200,248.1600,611.5400,
2025-10-21,671.2900,8776.2900,246.9900,611.3800,
2025-10-22,667.8000,8692.8100,243.3400,605.4900,
2025-10-23,671.7600,8758.5500,246.4200,610.5800,
2025-10-24,677.2500,8795.6800,249.4300,617.1000,
2025-10-27,685.2400,8901.1300,250.3000,628.0900,
2025-10-28,687.0600,8871.9700,248.9600,632.9200,
2025-10-29,687.3900,8785.6400,246.8400,635.7700,
2025-10-30,679.8300,8725.0800,244.8500,626.0500,
2025-10-31,682.0600,8765.3200,246.2300,629.0700,
2025-11-03,683.3400,8760.2200,245.4400,632.0800,
2025-11-04,675.2400,8602.2100,241.2000,619.2500,
2025-11-05,677.5800,8686.6900,244.6800,623.2800,
2025-11-06,670.3100,8544.4000,240.3500,611.6700,
2025-11-07,670.9700,8543.6200,241.6100,609.7400,
2025-11-10,681.4400,8641.2000,244.0300,623.2300,
2025-11-11,683.0000,8644.4700,244.2400,621.5700,
2025-11-12,683.3800,8649.9900,243.6400,621.0800,
2025-11-13,672.0400,8524.1100,236.7900,608.4000,
2025-11-14,671.9300,8503.7000,237.4800,608.8600,
2025-11-17,665.6700,8404.8400,232.7600,603.6600,
2025-11-18,660.0800,8368.1400,233.4700,596.3100,
2025-11-19,662.6300,8369.4600,233.4300,599.8700,
2025-11-20,652.5300,8185.2100,229.1100,585.6700,
2025-11-21,659.0300,8315.7000,235.6000,590.0700,
2025-11-24,668.7300,8413.8800,239.9000,605.1600,
2025-11-25,675.0200,8498.5300,245.1300,608.8900,
2025-11-26,679.6800,8552.1500,247.3000,614.2700,
2025-11-28,683.3900,8629.4700,248.7500,619.2500,
2025-12-01,680.2700,8593.9300,245.6200,617.1700,
2025-12-02,681.5300,8682.6600,245.1700,622.0000,
2025-12-03,683.8900,8777.8800,249.6300,623.5200,
2025-12-04,684.3900,8745.8900,251.8200,622.9400,
2025-12-05,685.6900,8791.5300,250.7700,625.4800,
2025-12-08,683.6300,8744.8800,250.8700,624.2800,
2025-12-09,683.0400,8737.1100,251.3900,625.0500,
2025-12-10,687.5700,8817.8900,254.8100,627.6100,
2025-12-11,689.1700,8816.7100,257.8000,625.5800,
2025-12-12,681.7600,8715.9100,253.8500,613.6200,
2025-12-15,680.7300,8699.7500,251.9300,610.5400,
2025-12-16,678.8700,8679.7400,249.9000,611.7500,
2025-12-17,671.4000,8570.6600,247.2400,600.4100,
2025-12-18,676.4700,8654.6000,248.7100,609.1100,
2025-12-19,680.5900,8722.1000,250.7900,617.0500,
2025-12-22,684.8300,8767.6100,253.5800,619.2100,
2025-12-23,687.9600,8749.8800,252.0800,622.1100,
2025-12-24,690.3800,8775.1000,252.7100,623.9300,
2025-12-26,690.3100,8780.0200,251.4200,623.8900,
2025-12-29,687.8500,8755.6300,249.8800,620.8700,
2025-12-30,687.0100,8733.2200,248.0300,619.4300,
2025-12-31,681.9200,8649.9600,246.1600,614.3100,
2026-01-02,683.1700,8656.7900,248.7800,613.1200,
2026-01-05,687.7200,8743.1300,252.7300,617.9900,
2026-01-06,691.8100,8902.8100,256.0800,623.4200,
2026-01-07,689.5800,8864.2200,255.4800,624.0200,
2026-01-08,689.5100,8822.9900,258.2700,620.4700,
2026-01-09,694.0700,8897.5300,260.2300,626.6500,
2026-01-12,695.1600,8885.1900,261.5000,627.1700,
2026-01-13,693.7700,8857.9100,261.3500,626.2400,
2026-01-14,690.3600,8818.1300,263.1900,619.5500,
2026-01-15,692.2400,8830.9000,265.5100,621.7800,
2026-01-16,691.6600,8817.5200,265.7600,621.2600,
2026-01-20,677.5800,8691.2000,262.5800,608.0600,
2026-01-21,685.4000,8837.6700,267.7900,616.2800,
2026-01-22,688.9800,8891.7000,269.7900,620.7600,
2026-01-23,689.2300,8871.5300,264.8100,622.7200,
2026-01-26,692.7300,8921.6800,263.9800,625.4600,
2026-01-27,695.4900,8956.9000,264.7300,631.1300,
2026-01-28,695.4200,8982.7900,263.3000,633.2200,
2026-01-29,694.0400,8913.9300,263.3700,629.4300,
2026-01-30,691.9700,8782.5400,259.6500,621.8700,
2026-02-02,695.4100,8839.8000,262.1800,626.1400,
2026-02-03,689.5300,8671.7900,262.7800,616.5200,
2026-02-04,686.1900,8618.7500,260.5200,605.7500,
2026-02-05,677.6200,8492.7600,255.8300,597.0300,
2026-02-06,690.6200,8681.6400,265.0200,609.6500,
2026-02-09,693.9500,8713.5400,266.8800,614.3200,
2026-02-10,692.1200,8697.3500,266.1600,611.4700,
2026-02-11,691.9600,8735.5100,264.9500,613.1100,
2026-02-12,681.2700,8580.8300,259.5400,600.6400,
2026-02-13,681.7500,8680.9300,262.9600,601.9200,
2026-02-17,682.8500,8645.8200,263.0400,601.3000,
2026-02-18,686.2900,8722.5100,263.9900,605.7900,
2026-02-19,684.4800,8685.7600,264.6000,603.4700,
2026-02-20,689.4300,8724.3100,264.6100,608.8100,
2026-02-23,682.3900,8595.2400,260.4900,601.4100,
2026-02-24,687.3500,8692.5700,263.3300,607.8700,
2026-02-25,693.1500,8792.4900,264.5800,616.6800,
2026-02-26,689.3000,8783.5400,265.9900,609.2400,
2026-02-27,685.9900,8788.9900,261.4100,607.2900,
2026-03-02,686.3800,8764.6600,263.8100,608.0900,
2026-03-03,680.3300,8651.7700,259.2400,601.5800,
2026-03-04,685.1300,8773.0600,261.7600,610.7500,
2026-03-05,681.3100,8727.7800,256.7600,608.9100,
2026-03-06,672.3800,8614.9300,250.8900,599.7500,
2026-03-09,678.2700,8695.8200,253.6200,607.7600,
2026-03-10,677.1800,8643.3000,253.3600,607.7700,
2026-03-11,676.3300,8617.1900,252.8500,607.6900,
2026-03-12,666.0600,8434.6800,247.4100,597.2600,
2026-03-13,662.2900,8435.9800,246.5900,593.7200,
2026-03-16,669.0300,8535.0200,248.9200,600.3800,
2026-03-17,670.7900,8603.5300,250.0500,603.3100,
2026-03-18,661.4300,8471.6300,246.0200,594.9000,
2026-03-19,659.8000,8477.9500,247.6300,593.0200,
2026-03-20,648.5700,8343.7100,242.2200,582.0600,
2026-03-23,655.3800,8438.1500,247.4500,588.0000,
2026-03-24,653.1800,8353.5900,248.7800,583.9800,
2026-03-25,656.8200,8415.6700,251.8200,587.8200,
2026-03-26,645.0900,8310.4600,247.4400,573.7900,
2026-03-27,634.0900,8142.0500,243.1000,562.5800,
2026-03-30,631.9700,8123.0400,239.6100,558.2800,
2026-03-31,650.3400,8334.6000,248.0000,577.1800,
2026-04-01,655.2400,8388.0100,249.5600,584.3100,
2026-04-02,655.8300,8394.1700,251.2900,584.9800,
2026-04-06,658.9300,8453.1500,252.3600,588.5000,
2026-04-07,659.2200,8426.5900,252.9100,588.5900,
2026-04-08,676.0100,8633.5800,260.4700,606.0900,
2026-04-09,679.9100,8603.2900,261.9600,610.1900,
2026-04-10,679.4600,8548.3000,261.3000,611.0700,
2026-04-13,686.1000,8677.1800,265.0700,617.3900,
2026-04-14,694.4600,8752.7400,268.7200,628.6000,
2026-04-15,699.9400,8841.3100,269.3900,637.4000,
2026-04-16,701.6600,8905.8700,269.9500,640.4700,
2026-04-17,710.1400,9021.8000,275.7800,648.8500,
2026-04-20,710.1400,9057.5000,277.3500,646.7900,
2026-04-21,704.0800,9026.8400,274.5100,644.3300,
2026-04-22,711.2100,9129.8500,276.4800,655.1100,
2026-04-23,708.4500,9113.1400,275.5200,651.4200,
2026-04-24,713.9400,9207.6900,276.6500,663.8800,
2026-04-27,715.1700,9153.8100,277.1400,664.2300,
2026-04-28,711.6900,9054.8400,273.9100,657.5500,
2026-04-29,711.5800,9131.7800,272.0800,661.5700,
2026-04-30,718.6600,9260.3100,277.9700,667.7400,
2026-05-01,720.6500,9331.6300,279.2800,674.1500,
2026-05-04,718.0100,9311.5700,277.8800,672.8800,
2026-05-05,723.7700,9401.9400,282.5600,681.6100,
2026-05-06,733.8300,9523.3100,286.8000,695.7700,
2026-05-07,731.5800,9509.1000,282.2600,694.9400,
2026-05-08,737.6200,9645.1300,284.1700,711.2300,
2026-05-11,739.3000,9651.1800,285.3300,713.2900,
2026-05-12,738.1800,9555.2400,282.5700,707.2400,
2026-05-13,742.3100,9568.2200,282.6700,714.7100,
2026-05-14,748.1700,9614.3900,284.4500,719.7900,
2026-05-15,739.1700,9517.0900,277.6000,708.9300,
2026-05-18,738.6500,9542.5900,275.9700,705.8800,
2026-05-19,733.7300,9515.5800,273.0000,701.5300,
2026-05-20,741.2500,9693.4500,279.8700,713.1500,
2026-05-21,742.7200,9757.4100,282.4900,714.5100,
2026-05-22,745.6400,9854.8800,285.1200,717.5400,
2026-05-26,750.5900,10001.9400,290.5100,730.2800,
2026-05-27,750.4600,9909.9800,290.3700,729.4500,
2026-05-28,754.6000,10000.0100,292.0300,735.6000,
2026-05-29,756.4800,10077.4800,290.4300,738.3100,
2026-06-01,758.5400,10223.9000,288.9800,742.7400,
2026-06-02,759.5700,10289.1700,291.6600,746.1600,
2026-06-03,754.2400,10277.1500,287.6700,744.2100,
2026-06-04,757.0900,10252.5200,292.0100,740.6100,
2026-06-05,737.5500,9811.4100,281.6500,705.0600,
2026-06-08,739.2200,9939.6200,284.1100,716.0700,
2026-06-09,737.0500,9851.4500,285.0200,707.8300,
2026-06-10,725.4300,9677.4100,282.0500,693.6900,
2026-06-11,737.7600,9991.4700,290.4100,717.1200,
2026-06-12,741.7500,10103.9200,292.9500,721.3400,
2026-06-15,754.8300,10359.5100,294.6400,744.0000,
2026-06-16,750.3300,10175.0700,292.0800,729.8600,
2026-06-17,740.9600,10080.6900,289.8800,722.5100,
2026-06-18,746.7400,10275.7100,295.5900,740.6200,
2026-06-22,744.3900,10262.5500,298.1800,737.9500,
2026-06-23,733.5800,10041.7300,295.3200,713.6500,
2026-06-24,733.2400,10039.2300,296.6900,710.6200,
2026-06-25,734.3000,10106.3800,298.9100,716.3800,
2026-06-26,728.9900,10056.7700,299.8300,706.5200,
2026-06-29,741.0000,10234.1400,298.9700,724.0800,
2026-06-30,746.7700,10322.8800,300.4500,736.4000,
2026-07-01,745.7600,10241.3000,299.3200,725.1700,
2026-07-02,744.7800,10161.6800,297.5800,712.6000,
2026-07-06,751.2800,10222.8800,298.9000,722.8200,
2026-07-07,747.7100,10095.6100,296.1900,709.4300,
2026-07-08,745.4000,10065.9900,293.4800,711.4400,
2026-07-09,751.7100,10194.2700,297.2400,723.2800,
2026-07-10,754.9500,10195.8100,295.9900,725.5100,
2026-07-13,749.1700,10072.9300,293.4800,711.7400,
2026-07-14,751.8300,10080.1200,294.5100,719.6900,
2026-07-15,754.8100,10043.1100,295.7700,717.7400,
2026-07-16,750.7200,10011.4300,295.5900,705.9400,
2026-07-17,743.2900,9872.5000,294.0400,695.3300,3.7070
2026-07-20,7443.2798,9869.0801,2942.4299,696.0600,3.7050
2026-07-21,7509.2002,9984.0898,2987.3999,708.9700,3.7300
2026-07-22,7498.9600,9918.1104,2959.9399,705.3500,3.7450
2026-07-23,7408.2998,9820.5703,2940.1599,691.9600,3.8000
2026-07-24,7411.9800,9756.0098,2930.0000,684.2300,3.8050
2026-07-27,7413.1802,9836.3496,2948.0400,682.1200,3.7970
2026-07-28,7428.7798,9845.8096,2953.8000,675.4900,3.7600
2026-07-29,7316.1499,9760.0303,2906.3101,661.7300,3.6580
2026-07-30,7437.6299,9874.0400,2946.1001,683.5500,3.6750
2026-07-31,7489.7202,9900.6104,2931.3401,687.9900,3.6820
2026-08-03,7600.5000,10027.7598,2981.9099,700.0700,3.7000
2026-08-04,7736.5200,10316.0400,3036.9800,723.8500,3.7300
2026-08-05,7723.5498,10237.9697,3019.1899,717.3000,3.7250
2026-08-06,7709.9600,10143.6797,3001.5500,714.6500,3.7320
2026-08-07,7757.6401,10315.6797,3034.4900,723.0300,3.7100
2026-08-10,7753.1099,10324.2998,3017.3999,720.8700,3.7180
2026-08-11,7728.2002,10341.2197,3027.1201,718.4500,3.7300
2026-08-12,7748.5000,10409.4805,3045.4800,723.7000,3.7070
2026-08-13,7798.9902,10542.7998,3052.8501,732.0700,3.7050
2026-08-14,7785.7598,10536.6299,3068.4199,731.0700,3.6970
2026-08-17,7745.0601,10478.8203,3057.5400,729.8700,3.7030
2026-08-18,7691.7598,10361.1904,3017.8899,717.5100,3.7050
2026-08-19,7707.9800,10388.7402,3032.9399,716.0800,3.7000
2026-08-20,7641.1602,10332.2100,2992.4299,710.9300,3.7030
2026-08-21,7674.3701,10377.0449,3017.8708,713.4400,3.7100
